y,yp_regression,yp_log,yp_sqrt,yp_recip,yp_boxcox
79.98611076,53.47285909971897,53.83412090690142,53.20840875791237,70.73617713473091,53.75311196234657
61.887365759999994,53.743311853663755,54.22949312541654,53.515230104053174,72.69957386608279,54.013518658996006
40.269535256000005,56.8119474645763,66.14291454292398,59.83427940783136,208.17440183245205,55.90637828673653
41.052779992,67.66338137116217,94.84483733398355,75.64890572096925,NaN,65.30760095828363
44.296075096,60.917231972339565,70.9474160475597,64.25682752765779,175.80111342654166,59.88878032396988
47.029847436000004,26.857708430856306,24.6420816016443,25.9455502030101,20.857085829487346,27.167643585117666
43.698299404,68.42043666331585,97.92091849614374,76.94861390635106,NaN,65.92156626486144
36.447769788,29.92640269995333,27.26494297284937,28.709601713684098,23.63087789792601,30.45584307650792
45.854290856,19.77571998655815,19.47694016604346,19.941588676409715,17.2104218228523,19.367592772944914
39.28978986,31.440513284260696,29.06217801263993,30.326279057094535,26.28843940735738,31.934642109209914
38.074243671999994,30.076314553621806,25.471868247141465,27.887505021323385,20.028433727036234,31.095947601008334
28.021683592,22.994326109323655,20.132798104759637,21.648410763183573,16.642255711735224,23.60716169908561
43.01296026,58.326058048883674,70.50288565193357,62.15837066984662,1902.278336510434,57.18084782251604
42.32693164,25.646419963410416,23.415236004648555,24.74705038457619,19.46747883895357,25.93596496334685
47.813781648,20.3813642202811,19.980675014455525,20.47670166879711,17.73265435038102,20.031143898289347
52.908319811999995,28.67464113202515,26.603922212606676,27.796436479924893,23.35806710178053,28.98954685229122
39.358047983999995,31.86722038971488,26.550143763103613,29.310404309351117,20.480733284341326,33.079402864551525
56.141962252,59.48104241736658,73.61570352603076,63.976627419122266,NaN,58.103096883304204
40.563252031999994,37.00839114425148,34.49540553461663,35.834722634580295,31.095956468876835,37.54633064912514
42.620648416,48.802807534798106,51.734082058634215,49.656424443749,76.14047381306165,48.614194036358654
41.836714203999996,48.045752242644426,50.10891107672117,48.61343453628615,65.47669786269091,47.951296692537454
28.23748958,24.785231945416726,20.985060021849584,22.904183484516096,16.953356826091333,25.725488342563
8.06342182,21.929591443683602,19.08613597715161,20.544233679639117,15.852448917022695,22.612398963643738
44.207822168,42.14752619595413,37.35586564446601,40.01363176245141,29.34319373470162,43.086426586312385
52.516697443999995,60.08668665108953,75.51963684103296,64.93228990623729,NaN,58.60887788795337
53.300631656,49.235252744503654,52.66590176436855,50.34869723721404,75.08683078240546,48.92122378678497
41.15137506,57.56900275672999,68.28811273351597,60.990789981624,375.28028714145347,56.54451075324061
52.1243856,38.34930270454146,36.48784136150187,37.508749612028666,33.584061011089126,38.716674143956425
37.427515183999994,30.683457992107016,28.14922070291511,29.51240532817433,24.88891817022264,31.19743339344265
38.60376124,29.041775262804872,26.83655153785481,28.02849410071432,24.107722910620552,29.471695577715305
55.260122448,58.87539818364363,71.75977046923433,63.02804980524244,851.7155567592221,57.596212766537064
52.908319811999995,58.269753949920684,69.95062753120781,62.08655706459783,346.58530457038887,57.088210942857735
41.719503284,40.35662035986106,35.83873957308194,38.348129393737075,28.42355049962495,41.23385480431299
42.131120456,59.083113341037354,72.78948979959156,63.33702147249921,NaN,57.815419383271035
53.69225402399999,57.058465482474794,66.46802322930405,60.224826203014125,158.53699830409911,56.068793992845364
38.407950056000004,55.29783688026894,62.052568540683005,57.5544686035361,110.11222527549414,54.624602858709665
30.079769451999997,27.65523682349228,24.775318497712412,26.36761155679336,20.51935199740842,28.203114749641976
37.721921436,36.251335852097796,33.41176918014058,34.949533851167125,29.156634236065155,36.83874191842239
42.229026048,38.52250172855885,36.76925410273337,37.63831054469658,35.86730737757551,38.95164415140472
36.251958603999995,45.01753107402969,44.10296983357523,44.55217605073455,41.96643426539123,45.27621982187707
50.45930106,28.068996898302203,25.933207999336165,27.17238951438477,22.46032500021705,28.38551223049126
43.698299404,69.17749195546955,101.09676550304738,78.25939220616284,NaN,66.53410531076013
38.995383608,66.14927078685481,88.97953484613373,73.08269969349568,NaN,64.07531039073861
53.104130996,38.9549469382644,37.431531544889324,38.24132529372058,35.6317751264021,39.27608159415949
41.542997428,37.76544643640517,35.614187221936625,36.730981532423456,33.31164476768562,38.25060097936302
35.076402024,28.284719970651192,25.99350990884698,27.246274580671717,22.925540631283795,28.719311792733706
15.049192651999999,25.26700993162005,21.96982447835212,23.624968518746922,18.638575283530237,26.080853049875856
40.759063216,47.28869695049073,48.53479310696863,47.58151474325326,57.4329806727983,47.28610026193751
26.258003984,25.256498802036457,22.877986345051312,24.22809764480116,19.16610894360835,25.658055992459882
32.823194456,27.527664678497505,25.176951532996238,26.475125175059087,21.853881102513366,27.961967005905862
39.779317819999996,46.53164165833705,47.01012437347872,46.56066506465035,51.149356545076145,46.61855605529147
46.931941843999994,35.92672576964967,32.94507246467977,34.64929561761296,27.306888391331288,36.45830449575624
33.116911232,34.737225267790436,31.34555093986186,33.21236662763078,25.923195826640338,35.413219683087235
49.185149411999994,27.463352664579254,25.279403230932008,26.555427422079834,21.62903633042022,27.778246659623342
14.589312159999999,22.386493923960902,19.377991716808236,20.913205365524707,16.018885026649397,23.117384577352325
14.638264955999999,20.59558808786783,18.59099733353153,19.714040029685727,15.740853380512098,20.938248410559357
41.934619796,69.93454724762323,104.37561403777732,79.58124062040459,NaN,67.14523774760605
9.131420144,20.13868560759053,18.31099467087037,19.355850702941762,15.580115639853348,20.420417902383793
50.94882902,37.7436584708185,35.56794264817897,36.78325880357195,31.758915363790827,38.15523858398636
33.019005639999996,29.16934740779964,26.40844388405197,27.91786821362385,22.493896855535553,29.709710097772543
54.378282643999995,48.02396427705776,50.04384528651339,48.67357331476184,59.736093391332034,47.86118041098128
51.732763231999996,47.41832004333481,48.78218476698037,47.846638663388546,54.19616641861205,47.32895752027603
9.86640156,20.10584074513347,18.62387247409295,19.513610101255487,16.20717669019358,20.259819224236082
50.655112243999994,46.20703157588892,46.35348537539938,46.2140239803475,45.71664124237854,46.25998449540845
48.695621452,37.13801423709556,34.67123559572717,36.06485286835043,30.121921722607194,37.59172998047084
55.064311264,48.629608510780706,51.338136309869796,49.507592839370346,66.53755603604745,48.39192776320087
44.698039603999995,62.70813780843264,73.95076314807909,66.40753605774532,218.07367154711477,61.579759199865734
30.275580636,26.770609386343818,24.386044467165174,25.715045883876446,20.87793725206745,27.199458222044715
40.856968808,18.564431519112265,18.50724942838818,18.892617311340487,16.25310330191022,18.022977172830554
71.98818916,52.50428637520395,49.81486387639363,51.08682008259403,51.21961910847368,53.19989703223001
34.39795764,50.9454001574856,47.72869703183994,49.440305726007125,42.698741735051954,51.64621624947731
28.79941252,49.26531079789633,46.067192658317985,47.690118719017214,42.79771959454718,50.02715617306315
33.398217439999996,54.09476031589591,51.69215418609445,52.967796399778855,47.66022162203815,54.62408822187344
36.3009114,54.85267929669881,53.71990625307516,54.136938569270015,56.69855704542079,55.256553390417515
28.99936056,54.98245556359532,51.30158071845148,53.40208834475582,43.54274160408079,55.65047871380736
37.79707432,52.89636022917463,51.584633632441935,52.1524652728371,51.45409533903647,53.308622503831536
40.1964508,66.48151102587103,76.7036494331557,69.65420308554329,328.06131001554195,65.56659218491802
33.398217439999996,54.09476031589591,51.69215418609445,52.967796399778855,47.66022162203815,54.62408822187344
28.096147,47.61681100189152,41.94794824664931,45.10091650676745,32.81032298057013,48.700248096806106
41.2996124,61.08151249632592,65.37616825075571,62.30689707328679,112.55565489949669,60.80067114053451
33.398217439999996,54.09476031589591,51.69215418609445,52.967796399778855,47.66022162203815,54.62408822187344
25.2003478,51.29694254453723,46.57965674317698,49.2732365611097,36.83856951681403,52.15734709919907
41.09966436,50.547480554970505,46.17460899430018,48.55233810503929,39.756544788001804,51.431518504935454
35.3011712,51.09388072288282,47.80102794436334,49.5491035876503,42.91858040905714,51.8110609997823
28.296095039999997,50.98771016223966,48.48381011493023,49.766372535928404,44.69361441040039,51.58942925024843
28.599464479999998,52.47528722388365,51.271360401965794,51.58452136258785,60.22441669817101,52.998930345260675
35.3011712,51.09388072288282,47.80102794436334,49.5491035876503,42.91858040905714,51.8110609997823
24.40055564,48.15519734021265,42.335158314029705,45.52819465416674,33.67240552103723,49.30093154747372
35.3011712,51.09388072288282,47.80102794436334,49.5491035876503,42.91858040905714,51.8110609997823
39.300132,53.63907456151492,53.3147029702181,53.24953509110634,57.28479925331761,53.93247367548075
40.59634688,60.24282257951648,63.19334763263376,61.029173249285115,88.93947821313343,60.11361547374096
35.3011712,51.09388072288282,47.80102794436334,49.5491035876503,42.91858040905714,51.8110609997823
24.0971862,46.02176329903474,41.03996928531769,43.73299176006975,33.71190524902641,47.051654304241836
46.20178676,51.4023026377629,48.458540630971285,50.01178603884943,43.92809400192233,52.05772448957649
42.79577532,49.72221327817363,46.77162935536829,48.25142201379057,44.03286030250815,50.44193754849483
49.20100736,54.55166279617321,52.482605009272454,53.559255046187914,49.19700856804248,55.029896795565996
46.80163088,55.30958177697611,54.541364456691895,54.734871109378666,58.88686976532327,55.66120106667124
45.69846928,55.43935804387262,52.08605908557942,53.99596005849745,44.82190186756633,56.05441165151007
55.59934464,53.35326270945193,52.37344030455908,52.73936680226245,53.249893829605725,53.71690004964905
54.896079119999996,66.93841350614834,77.87656365562987,70.3322157148414,417.92184410157904,65.95436603100222
49.20100736,54.55166279617321,52.482605009272454,53.559255046187914,49.19700856804248,55.029896795565996
34.90127512,48.07371348216882,42.589395498060476,45.646815168922814,33.531399060233284,49.11781168749758
46.89815752,61.53841497660322,66.3758682405065,62.948243177279494,121.52034368716147,61.19580155601663
49.20100736,54.55166279617321,52.482605009272454,53.559255046187914,49.19700856804248,55.029896795565996
33.398217439999996,51.75384502481453,47.29192978723398,49.84375325752633,37.7500324163632,52.56784841246757
54.09628696,51.004383035247805,46.88068824876633,49.118677970056915,40.82020452130603,51.84345339920288
55.89581932,51.55078320316012,48.53197759198977,50.12121054633731,44.16080828739294,52.222243148077666
49.80085148,51.44461264251696,49.22520052938624,50.33972884876262,46.04233416769708,52.0010501246157
47.09810556,52.93218970416095,52.05537665497953,52.16822741008655,62.69929690423475,53.4078001726144
55.89581932,51.55078320316012,48.53197759198977,50.12121054633731,44.16080828739294,52.222243148077666
37.997022359999995,48.61209982048995,42.982526590039726,46.07666533509186,34.43231037131467,49.71722412637905
55.89581932,51.55078320316012,48.53197759198977,50.12121054633731,44.16080828739294,52.222243148077666
56.095767359999996,54.09597704179222,54.12996500589539,53.84256029121682,59.51949040183783,54.339570996617915
59.09498796,60.69972505979378,64.15966901045377,61.66392618939528,94.44491884909446,60.50986551404658
22.89749796,51.55078320316012,48.53197759198977,50.12121054633731,44.16080828739294,52.222243148077666
35.101223159999996,46.47866577931204,41.667532172095314,44.2705731330639,34.47361413667382,47.47280871359448
61.09446836,53.80104065921873,52.477336071421576,53.06593444936354,51.75038902073981,54.20504415508766
59.79825348,52.12095129962946,50.65052476468754,51.25214107944271,51.895850702923404,52.605815660675276
60.2946762,56.95040081762904,56.835126793211884,56.71828970792752,59.2224437326802,57.148326909578024
61.797733879999996,57.70831979843194,59.06462462797321,57.927893713041136,73.85106839895693,57.773738615890665
56.69561148,57.83809606532845,56.405694263168016,57.16766332373305,52.995371065165244,58.16331989912764
68.29949256,55.75200073090776,56.716908769685226,55.874476599837614,65.19571507579843,55.84785299012894
66.89985628,69.33715152760416,84.33507385552537,73.94565878674861,NaN,67.98095543216533
60.2946762,56.95040081762904,56.835126793211884,56.71828970792752,59.2224437326802,57.148326909578024
50.69717028,50.47245150362465,46.12144714902884,48.56665991333052,37.90485466765739,51.295745802443285
56.3991368,63.93715299805905,71.88059523326255,66.36918699133321,208.849975896021,63.259928722480076
60.2946762,56.95040081762904,56.835126793211884,56.71828970792752,59.2224437326802,57.148326909578024
55.495923239999996,54.15258304627036,51.21397509285676,52.892842681805675,43.385652002942585,54.710069396683814
68.4994406,53.40312105670363,50.76862820168558,52.14583902949146,47.49076907779833,53.992932805768554
71.29871315999999,53.94952122461595,52.55686335460534,53.17864884753611,52.07366649635753,54.36791185485603
74.69782984,53.843350663972785,53.307577110828575,53.40372625923429,54.71000238061773,54.148939988195025
52.20022796,55.330927725616775,56.37246725713127,55.28656092754678,79.94759690938747,55.54175529635663
71.29871315999999,53.94952122461595,52.55686335460534,53.17864884753611,52.07366649635753,54.36791185485603
67.69964844,51.01083784194578,46.54718164629792,49.010013178040765,39.060149793948604,51.888739163161425
71.29871315999999,53.94952122461595,52.55686335460534,53.17864884753611,52.07366649635753,54.36791185485603
65.99664272,56.494715063248044,58.619106728384466,57.009819359888866,74.84878504749514,56.464539341398975
74.4978818,63.098463081249605,69.48060071666393,65.0502558930657,139.9142799756128,62.57969691678265
71.29871315999999,53.94952122461595,52.55686335460534,53.17864884753611,52.07366649635753,54.36791185485603
49.89737812,48.877403800767866,45.12313124973258,47.14675210937521,39.11331103981208,49.66885753261712
63.3973182,56.99935802115983,58.3588932436343,57.27893028399629,67.86288813691628,57.03557645458394
64.90037588,55.31926866157056,56.327336499197855,55.39389778759282,68.11324891113912,55.456936473571304
64.30053176,60.14871817957014,63.205096624936665,61.071133877527586,81.31695369919983,59.942812666465144
64.90037588,60.90663716037304,65.68447221573778,62.32605513853835,111.69647812586358,60.56085290629903
60.19814956,61.03641342726955,62.727534136969176,61.537398964661115,70.0199657126808,60.94589085998114
72.29845336,58.95031809284886,63.07362895658781,60.19542095055175,93.01893284935792,58.657983219704796
69.29923276,72.53546888954526,93.78718395938,78.90438083657207,NaN,70.65986138847965
64.30053176,60.14871817957014,63.205096624936665,61.071133877527586,81.31695369919983,59.942812666465144
55.19944856,53.67076886556575,51.29064872402891,52.60058419315472,45.88437099073438,54.16430112677226
58.798513279999995,67.13547036000016,79.93683173623081,71.07124336401871,4995.148527497979,65.98624847546343
64.30053176,60.14871817957014,63.205096624936665,61.071133877527586,81.31695369919983,59.942812666465144
66.10006412,57.35090040821146,56.953937237942775,57.09909320145873,54.16776857316725,57.53425136971332
73.69808963999999,56.60143841864473,56.45867673838406,56.32285172935146,60.720908177729385,56.8261535199368
77.29715436,57.14783858655705,58.44733378914832,57.39603120308178,68.41989224008628,57.19638845813378
80.19984832,57.041668025913886,59.28218607464412,57.629854093810444,73.04462338103855,56.980182149537924
54.896079119999996,58.529245087557875,62.6905831130935,59.58513690477435,126.25845597534953,58.35563172792994
77.29715436,57.14783858655705,58.44733378914832,57.39603120308178,68.41989224008628,57.19638845813378
72.99482412,54.20915520388688,51.7640987109422,53.06194158925323,47.588209168753295,54.74933741863008
77.29715436,57.14783858655705,58.44733378914832,57.39603120308178,68.41989224008628,57.19638845813378
71.69860924,59.693032425189145,65.18902154147258,61.373629405398866,113.99468848113115,59.26719679482067
79.40005615999999,66.29678044319071,77.2678505290128,69.70616011857348,390.73160580359774,65.313201274627
77.29715436,57.14783858655705,58.44733378914832,57.39603120308178,68.41989224008628,57.19638845813378
59.89478012,52.075721162708966,50.1804435316167,51.122455365070884,47.66714153736507,52.5598226049513
64.90037588,60.99725472358621,66.64631324950976,62.77145750327386,111.1027192771234,60.52522361994956
66.59648684,59.317165363996935,64.32625953278446,60.797376098767096,111.77534435659511,58.970240163554514
65.19685056,64.14661488199651,72.18071547459543,66.73847151551429,152.37761187135382,63.390877069899695
66.69990824,64.90453386279941,75.01218182194164,68.0500393463965,310.7598356993333,64.00038850445891
62.5009994,65.03431012969592,71.63533537226171,67.2258509418078,117.00386627550631,64.38016563359793
74.19451236,62.948214795275234,72.0305783674646,65.82288381493103,199.378540949341,62.12412020424936
70.69886903999999,76.53336559197163,107.10569878101713,85.32906582483808,NaN,73.97327280784916
65.19685056,64.14661488199651,72.18071547459543,66.73847151551429,152.37761187135382,63.390877069899695
57.59882504,57.66866556799212,58.57432263770808,57.8692719689216,62.270383651519644,57.697582323095304
59.19840936,71.13336706242653,91.2884880428623,77.17509625586226,NaN,69.35513164669896
65.19685056,64.14661488199651,72.18071547459543,66.73847151551429,152.37761187135382,63.390877069899695
68.09954452,61.34879711063783,65.04184248502496,62.58318877701168,78.57775387269568,61.016587949651935
75.49762199999999,60.59933512107111,64.47625111481337,61.77040003016308,93.16298126443952,60.31889365670429
79.29663476,61.14573528898343,66.74731304530222,62.894041573500495,112.60351052662833,60.683669791248704
56.49566344,62.527141789984256,71.59313701353301,65.18463930229542,457.59325376803866,61.826090614329104
79.29663476,61.14573528898343,66.74731304530222,62.894041573500495,112.60351052662833,60.683669791248704
76.80073164,58.207051906313254,59.11500623162189,58.35313452925544,65.4506208485075,58.2735072597672
79.29663476,61.14573528898343,66.74731304530222,62.894041573500495,112.60351052662833,60.683669791248704
73.29819356,63.69092912761552,74.44637327072546,67.05467438827297,329.2263601362248,62.72470598405066
82.5992248,70.29467714561709,88.24049059625705,75.75232282644487,NaN,68.69046242394745
79.29663476,61.14573528898343,66.74731304530222,62.894041573500495,112.60351052662833,60.683669791248704
67.79617508,56.07361786513535,57.3064596109738,56.3183668606771,65.60002216378281,56.11870642065372
11.57630204,20.139857334715,19.339002076241208,19.95427014848366,17.214506125630713,20.01500476997949
24.44881896,21.396339155477573,20.16316151324595,20.96223435257131,17.765731583263886,21.438270921914025
24.8900836,22.995497836448124,21.2630843570654,22.2810157304412,18.52051637484669,23.216346087271727
29.447519959999997,26.193815198389224,23.646209257564458,25.039262446707205,20.240357022585066,26.6756035207646
40.7135578,31.219742481439525,27.94214900990305,29.698757955726418,23.698571564596858,31.8983837047442
10.38350856,19.33880919544205,19.05954576549393,19.472685448475097,17.142882095417114,18.979707640921195
22.13907436,20.595291016204623,19.871795769177087,20.46856280741687,17.689457331638135,20.42116415173964
22.83544512,22.194449697175173,20.955824288210355,21.771960927828367,18.43763847541066,22.219879274619686
27.66177712,25.392767059116274,23.304512081245548,24.49944112917759,20.14141325168843,25.713990831079865
34.55653712,30.418694342166575,27.53837378686548,29.110589257613288,23.563042051872042,30.97965980461826
12.45193656,23.024250656721076,20.68583166221788,21.92620561458283,17.87484823038533,23.51051361172785
24.986610239999997,24.28073247748365,21.567388182533527,22.982202424353357,18.469905321859144,24.879758673003195
25.72434956,25.8798911584542,22.74391315000483,24.36211620945599,19.287086295232275,26.595730475906542
33.963587759999996,29.0782085203953,25.293006444861373,27.24262774018749,21.15943928094798,29.94828819030149
37.34202016,34.1041358034456,29.88812909894499,32.09425367193819,24.968399673023832,35.03690290016999
15.04436632,24.79425528931994,22.465552039770387,23.669800631658262,19.97419490061708,25.31343302575926
21.063491799999998,26.050737110082512,23.422953908186575,24.766497069783835,20.720151949435312,26.65844705862677
26.40003604,27.649895791053062,24.70070204586922,26.198210381883804,21.754155719772434,28.346197081541792
35.34253976,30.848213152994163,27.469108412359468,29.182320966609968,24.16609062031717,31.649409386883953
40.56876784,35.87414043604446,32.45957574285572,34.19674541178086,29.26484686001185,36.67457118850381
12.47262084,22.606703822374083,21.337358010848167,22.101325999545427,19.32116663490333,22.729690751058897
20.91870184,23.863185643136656,22.246680265226203,23.161481955571404,20.01829380269393,24.110131630852724
24.90387312,25.462344324107207,23.46026136989546,24.546689199544616,20.981805215767228,25.839069198896194
34.20490436,28.660661686048307,26.08964157193733,27.43778764801727,23.21671826510245,29.21412228678582
39.6103962,33.68658896909861,30.82949340748246,32.30605016478978,27.884044946164344,34.33137407322497
10.0318758,20.94687085371443,20.55516522842249,20.96855587496448,18.906939427046147,20.704205339093114
20.08443588,22.203352674477003,21.431153210398485,22.001508548784596,19.573979563006148,22.115970550620567
24.483292759999998,23.802511355447553,22.600246408904383,23.352093433586713,20.494211491681366,23.88092314708844
31.53663224,27.000828717388654,25.133237816455186,26.17394716371717,22.62119274917144,27.317859564545692
35.34253976,32.02675600043896,29.69933440574885,30.93339655166624,27.02941813494082,32.5129267060103
9.4458212,25.328239991700432,22.878871549908496,24.134550672742115,20.34597581796618,25.888353357779067
22.718234199999998,26.584721812463005,23.85388762475765,25.24184012745949,21.120498779040602,27.2260736531414
28.46846404,28.183880493433556,25.155143675061893,26.6870354606763,22.195882715659746,28.90528723222499
38.56239268,31.382197855374656,27.974482970386266,29.69811008763615,24.71242824285034,32.19347352203529
40.38950408,36.40812513842496,33.05676453757474,34.754906599174255,30.06988662697697,37.19914358595974
10.76272036,21.02517886191677,20.59888222402875,21.015253333881283,19.030121964671803,20.812255091158224
25.48303296,22.281660682679345,21.47673326875971,22.04934175364705,19.706037582346884,22.222258555464254
21.53923024,23.880819363649895,22.64831291004797,23.401372133289087,20.639024213439615,23.985196123987816
28.62704352,27.079136725590995,25.18669151702062,26.226116853099384,22.797753388891834,27.418694133525623
33.5430074,32.1050640086413,29.762499340561916,30.99010922483106,27.28188090757977,32.60947535247722
7.74971024,34.24966918895721,29.83111986792925,32.052162749251536,25.72214830613135,35.31956207880263
17.8229546,35.506151009719794,31.10241602161124,33.32632760144191,26.972644485031825,36.55982221476035
24.24197616,37.10530969069034,32.79908734260781,34.9839098041698,28.751632360544342,38.12331360551994
32.8535314,40.30362705263144,36.47514489132554,38.41975817015181,33.12058636554503,41.203595866072185
39.2311844,45.32955433568174,43.101789492333985,44.14405627158189,43.51024064498277,45.931960541072826
17.9953236,24.846089748880615,21.58320035088763,23.224294916659343,18.209541146986886,25.651768482072182
30.38520732,26.10257156964319,22.502999530794717,24.31073889919887,18.827476024709483,26.992466385785804
45.70536404,27.70173025061374,23.73056313594261,25.729403631462052,19.67733187239943,28.67516716253958
50.77301264,30.90004761255484,26.39023823116642,28.687417056514644,21.630055559758695,31.969497203694313
53.90323368,35.925974895605144,31.184701151462452,33.66083167934135,25.626333688458665,36.98314639251994
13.18278112,24.793673527645158,21.544422122282832,23.17923813939252,18.17952211976398,25.595415726513988
17.83674412,26.05015534840773,22.462568712106467,24.264639772218203,18.79538685193359,26.936827749958816
40.2309246,27.64931402937828,23.687926771212375,25.68197787757286,19.642283058529873,28.62036439802333
47.13257936,30.847631391319382,26.342823266081265,28.6373380488084,21.587712775126995,31.916165949097003
49.973220479999995,35.87355867436968,31.128672043148402,33.60658327277974,25.566920883852422,36.93172430609262
13.35515012,21.328256063606684,20.82374935548171,21.28013488710012,19.142176164748278,21.136414256222437
22.31833812,22.584737884369257,21.711183437006838,22.320641845135423,19.82621820440258,22.541196969084233
24.53845084,24.183896565339808,22.89555259523781,23.680841273484138,20.770892260009646,24.298155710491343
31.35047372,27.382213927280908,25.4616413424833,26.52192409070779,22.95875702436361,27.72143462181168
40.85834776,32.40814121033121,30.08740084632303,31.31159061551759,27.51277025143974,32.899451440537696
19.93275116,22.148403407691767,20.706279517710673,21.589949248957986,18.223589302289128,22.273921679722555
25.68987576,23.40488522845434,21.588707452849306,22.637913067393335,18.84249418970253,23.661112480728256
30.2335226,25.00404390942489,22.766395410183005,24.007603045342112,19.693737041945948,25.397843733284482
39.58971192,28.20236127136599,25.318008472781163,26.86766696176589,21.649879934801337,28.786364295808305
44.298833,33.228288554416295,29.91767338581461,31.68716092817589,25.65416481176226,33.920672019076704
13.817099039999999,23.587947928521498,21.564643709705955,22.694272103566746,18.74097679868492,23.931975564957156
24.91766264,24.84442974928407,22.483652071612774,23.768389681137332,19.396155050813096,25.29536102634772
29.21999288,26.44358843025462,23.710160251384536,25.171366261621863,20.299357034641265,27.004527983916024
38.32797084,29.641905792195722,26.367548631218625,28.09800338311715,22.38402775652323,30.345234797532683
42.347615919999996,34.66783307524602,31.157889404352773,33.02211238606809,26.69150382157178,35.41868951829068
13.54130864,26.43113534639111,22.929303546581163,24.694280904801346,19.375960349425007,27.283481768433983
26.310404159999997,27.687617167153682,23.906468853630663,25.8141937649675,20.077118893919465,28.604285303926765
31.640053639999998,29.286775848124233,25.210593268340734,27.275455250573664,21.046438410532986,30.263628829475266
42.54756396,32.48509321006534,28.036147245610877,30.31866218231222,23.295879781939647,33.51666488855416
42.919881,37.51102049311564,33.12963170829737,35.42595231564544,27.998312198774947,38.47643554638086
13.33446584,26.848825016533816,23.260707377091407,25.067424143456602,19.6424899419181,27.7233044607676
25.3727168,28.10530683729639,24.25199593586288,26.195673043855198,20.363429857522387,29.038990110532232
37.404073,29.70446551826694,25.57496923648084,27.66754403521174,21.361279593865966,30.692303191550607
44.395359639999995,32.90278288020804,28.44136175947822,30.731969978451055,23.682235614463803,33.93462399396618
47.739318239999996,37.928710163258344,33.6084638206299,35.872604272714035,28.55826224915047,38.88031954007459
19.519065559999998,27.612806460160794,24.497428448248833,26.056599953240223,21.541215015322187,28.377773514084602
31.35047372,28.869288280923367,25.541421657328463,27.20665154449699,22.41135664208524,29.686022376316657
38.500339839999995,30.468446961893918,26.934734562453215,28.70627141512757,23.62598974022919,31.330557212578316
45.08483564,33.66676432383502,29.95352692325133,31.826195116914956,26.498252699175744,34.55724166506943
47.8151606,38.69269160688532,35.39535252966117,37.05404017461063,32.7560297908704,39.48232938581522
15.43736764,26.178706288897274,23.76592161741103,25.018298190260055,21.158998374545313,26.712079773784474
26.77235308,27.435188109659848,24.778740608943572,26.145453177438803,21.99793393112103,28.03968295784093
33.72916592,29.034346790630398,26.130448416221164,27.61593191560645,23.166998837061367,29.70702496029702
42.69924868,32.2326641525715,29.059097959071273,30.67757335246797,25.92223740933822,32.97423939718291
45.83636448,37.2585914356218,34.33842762792889,35.81383199385156,31.88032389669082,37.95257483754634
17.22311048,24.8520552377136,23.1234832315969,24.085063511331636,20.840318982961524,25.142421300073273
29.93015316,26.108537058476173,24.108923785696344,25.1912298890467,21.653688417709375,26.489643403923555
29.654362759999998,27.707695739446724,25.42409234169729,26.634995851533287,22.785508956072945,28.179973992123852
36.96970312,30.906013101387824,28.27357487746842,29.643211737032697,25.445544443355463,31.487719630683564
43.58177796,35.93194038443813,33.41019415262698,34.69551594056154,31.162351966097464,36.51874665780376
13.12072828,25.026467403787596,23.258435095312315,24.23577661738826,20.965905680724475,25.332217350701285
24.42813468,26.28294922455017,24.24962681752188,25.345359744365982,21.7893012661969,26.67698993768724
32.66047812,27.88210790552072,25.572470880104362,26.793474296823234,22.935718224022928,28.36445767823258
36.63875464,31.08042526746182,28.438583392206287,29.81038736226396,25.633016748845634,31.66717383671956
44.209201119999996,36.10635255051212,33.60518069175833,34.87635856284345,31.443991456193732,36.69169328844007
13.62404576,25.01031380170136,23.311689847659938,24.245267708431257,21.20399704947889,25.307846565861738
21.601283079999998,26.266795622463935,24.305151097869945,25.35506564761615,22.046575763136385,26.652932446327707
27.77209328,27.865954303434485,25.631024071583322,26.803453597427982,23.22095446220073,28.340766464644354
35.570066839999996,31.064271665375585,28.503699110846117,29.82091345757787,25.989808737027026,31.644126392782002
45.3675208,36.090198948425886,33.68212634902215,34.887743906986046,31.982587999767393,36.66947930167545
7.3153403599999995,26.039252763193577,23.430769185839996,24.77970396919808,20.56470571790266,26.62805360351973
21.504756439999998,27.29573458395615,24.42930517361539,25.901530713585363,21.356295204315522,27.956671478817714
31.2677366,28.8948932649267,25.761950889985023,27.365228051836592,22.456450466318575,29.62520572482675
43.49904084,32.0932106268678,28.64929995093896,30.413306688865283,25.03586181569456,32.89453024451895
48.67011084,37.1191379099181,33.85417931216421,35.528252359083,30.55011944388494,37.87562275260231
7.3980774799999995,27.604078385226114,24.37117460268605,25.99268186719734,21.213329016563073,28.3968127771087
23.5111316,28.860560205988687,25.40978732223119,27.141337266045436,22.056664286718238,29.704848404512102
31.11605188,30.459718886959237,26.79591942824816,28.639180164519523,23.232146677168814,31.34913127584443
39.14844728,33.65803624890034,29.799153660350786,31.75554992199392,26.003829996841393,34.57536624260949
48.15300384,38.68396353195064,35.212933408349706,36.9778102100549,32.00382348089524,39.49986037148544
22.50449664,32.65408384782299,28.270212190189085,30.501165877065745,23.740457888504455,33.69192561300248
34.67374804,33.91056566858557,29.47498801423715,31.74442436696971,24.801719577706944,34.946575116205565
34.73580088,35.509724349556116,31.082881330811826,33.36267119951491,26.29792136313787,36.52733148726992
45.08483564,38.708041711497216,34.56658986692085,36.71984882513153,29.906195633114933,39.639097557270844
48.97348028,43.73396899454752,40.846496548563096,42.320521477415994,38.12678487072899,44.4103227242947
23.13881456,33.438224522404404,28.798019474976734,31.151801134221483,24.121830455498753,34.54169010601343
41.885667,34.694706343166985,30.025288566927802,32.40811818891215,25.218250107568824,35.78872413437763
48.28400428,36.29386502413753,31.66320138954439,34.04298501300405,26.76669839633846,37.3603502560447
51.03501352,39.49218238607863,35.21195106263057,37.43340262171408,30.513923743246767,40.455485712823446
55.6407132,44.51810966912893,41.60910414030473,43.08630953314534,39.12008401448075,45.204107289203534
22.94576128,32.34584370037435,28.094828679890796,30.262107944805273,23.651874060950416,33.34891039280079
35.2322236,33.60232552113693,29.292130282955924,31.500533485670083,24.705054988370048,34.60670043116647
39.94134468,35.20148420210748,30.890048507297514,33.11262929216544,26.189267650859787,36.19121727227038
48.718374159999996,38.39980156404858,34.35214471776114,36.45750486568238,29.765759799889285,39.309820416873244
52.04164848,43.42572884709888,40.5930919437487,42.03884572181021,37.8988263983288,44.09031425734895
21.02212324,34.029063449004326,28.88072575280486,31.477653729478224,23.890319046055062,35.264198082187704
33.35684888,35.28554526976691,30.111519491948318,32.74045955053452,24.965324759543243,36.50493431097868
33.94290348,36.88470395073745,31.75413630725035,34.38358480454632,26.481934646270446,38.0689978478123
44.14025352,40.083021312678554,35.31307778802871,37.790519273096145,30.144397864431408,41.150325883214364
45.3675208,45.108948595728855,41.728603126344304,43.46938124998993,38.51478845986747,45.880118908334055
15.361525279999999,31.386005403038265,26.903696151170113,29.161090887397418,22.487051770449206,32.471415875325484
28.6822016,32.64248722380084,28.050235925346744,30.377007051407038,23.436968551579145,33.73742198779619
30.84715624,34.24164590477139,29.580407433844815,31.960454560086703,24.76861881781323,35.331763413914686
42.030456959999995,37.43996326671249,32.89572163467848,35.24803353797226,27.94409440668356,38.46819395195218
51.0556978,42.46589054976279,38.87207229253592,40.73933688667935,34.99424232506283,43.272788993392496
21.78054684,33.95129032963642,28.949940856784515,31.47970776380838,24.04702177685549,35.143546874038094
42.29245784,35.207772150399,30.1836842973088,32.7425543804565,25.136497777002425,36.385323782704646
50.60064364,36.80693083136955,31.830237782853917,34.385731556130615,26.674616677152315,37.950637745747024
55.82687172,40.00524819331065,35.397708568150385,37.792769868005074,30.394312828395417,41.03425075007973
60.949678399999996,45.03117547636095,41.8286092560045,43.47179502726614,38.92370531425561,45.76716354245538
23.52492112,35.42978850295698,30.99290596759939,33.191264263264735,27.34896479142637,36.53016890752884
42.21661548,36.68627032371956,32.31371330981372,34.48765399396869,28.76700018640914,37.760240430190485
52.5035974,38.28542900469011,34.07646224255165,36.17352240571388,30.799473350368622,39.31147304235607
60.32225524,41.48374636663121,37.89568547129063,39.665943189730484,35.867805190896455,42.369309345786924
66.42411784,46.50967364968151,44.7804076643905,45.47914080521492,48.37800909742778,47.066940310063686
23.80071152,34.375125792742125,30.443087336749926,32.39776726181804,27.100029008011823,35.3476773137711
38.76923548,35.631607613504706,31.74046336583501,33.67871631240049,28.491710601013317,36.58769602568275
51.331488199999995,37.23076629447525,33.47194087775997,35.34493294944557,30.48412274200201,38.15089726086714
56.847296199999995,40.42908365641635,37.22341053448061,38.798050184061964,35.44084678012483,41.23064910898414
58.60546,45.45501093946665,43.98599676091938,44.549485079060354,47.60448728466872,45.95828920917748
21.91154728,33.23304968848492,29.84173076688311,31.53654133386884,26.869453634210135,34.06347745382241
36.990387399999996,34.4895315092475,31.113479119312146,32.800516206139115,28.23695675850796,35.31476873055629
47.401475,36.088690190218045,32.81075394456953,34.445129343514154,30.19267571190084,36.89150089351556
51.95891136,39.287007552159146,36.48811906321325,37.85503957879047,35.047526989963416,39.995942227558345
56.7438748,44.31293483520945,43.11712075495699,43.53857776054016,46.897547610986265,44.75722208200356
17.57474324,32.47947236668973,29.277485974278154,30.865487589591066,26.66324480811305,33.27506063214211
33.72916592,33.73595418745231,30.5251882219096,32.11607516092754,28.009312993589113,34.53353195496032
40.14818748,35.335112868422854,32.19037112564767,33.74364991529591,29.93255151330213,36.11886419532667
46.6430514,38.533430230363955,35.79820495152187,37.1194833845589,34.6975084225724,39.23894887702074
50.07664188,43.559357513414255,42.30186606855314,42.749472362573364,46.27293238102445,44.02144930695821
17.36790044,32.83066580585713,29.628267114288704,31.212508200970642,27.094870209375205,33.62937691721497
33.70158688,34.08714762661971,30.890918405605195,32.470036690450236,28.486008408596074,34.88459618919221
45.939785879999995,35.68630630759026,32.576052296863594,34.10644534063714,30.47759525306359,36.466035007278855
51.4349096,38.88462366953136,36.22711251394913,37.49994660153717,35.43202427741662,39.579042411987444
59.30183076,43.91055095258166,42.80869567875728,43.15769925212413,47.58857097788885,44.35195143647087
30.44726016,36.70423653623223,30.89147089733123,33.84896721925981,25.064113359027402,38.06777643797211
47.7117392,37.96071835699481,32.20795543787901,35.15801585277264,26.249971631124282,39.28548549583437
63.14221208,39.55987703796536,33.96493516130031,36.85999559536547,27.93193615969358,40.82180717953692
66.82401392,42.75819439990646,37.771658652938754,40.38463904107737,32.03754119673646,43.85224225661212
66.9481196,47.78412168295676,44.633848196787724,46.24847226779726,41.6601145857512,48.512159820708064
27.42046052,37.55801791869632,32.804509013909936,35.19364442925837,28.51466546781089,38.70248852510925
35.9561734,38.8144997394589,34.2025204300903,36.52819709408367,30.05957375100622,39.91527095157534
55.50971276,40.41365842042945,36.0683058880178,38.26263651289238,32.285866203879515,41.445639507545195
61.99078716,43.61197578237055,40.11077105615275,41.85219931103603,37.89978517721322,44.46510504186229
63.528318639999995,48.63790306542085,47.39792029856062,47.818048663005825,52.14915320125234,49.10986587651781
18.01600788,32.649955477636965,28.57633797514524,30.638785148262134,24.495779832659235,33.62576913102245
38.60376124,33.906437298399545,29.794159790583528,31.884817250657424,25.62725482637676,34.881021306365945
52.20022796,35.50559597937009,31.419464281872802,33.506594135464304,27.22793178995691,36.46249953203581
53.95839176,38.70391334131119,34.94089637672275,36.8708318656043,31.114787740848797,39.575578609628344
56.63355864,43.72984062436149,41.28880542599618,42.48259896785406,40.113196245619015,44.34858484351221
15.340841,29.25320445802986,25.86353071513611,27.548762261503626,22.7942952000476,30.096166675811105
26.04840328,30.509686278792433,26.965742340591625,28.730934391696024,23.770910650948636,31.38583727662191
30.219733079999997,32.10884495976298,28.43675352013711,30.27143494824468,25.141889271903427,33.00836493100318
37.2661778,35.307162321704084,31.62388922750567,33.47312002186822,28.42013065764696,36.195651814306736
46.2293658,40.333089604754385,37.369178942918886,38.82944723530641,35.74400483576403,41.068460971204516
16.27852836,23.422486737243805,21.329879264736583,22.473601015760618,18.579415121101427,23.811643999492418
25.62092816,24.67896855800638,22.23888280157374,23.54254418484567,19.22315177175581,25.176689739179672
31.971002119999998,26.27812723897693,23.45203854594473,24.938935154530427,20.109945134584404,26.887786107007383
36.3009114,29.47644460091803,26.080497149963463,27.852401054426174,22.15393486442399,30.231856153192187
43.0577762,34.50237188396833,30.81868766696735,32.755812423434975,26.364980214496224,35.30961833341364
67.568648,54.657138277429006,53.082375951600206,53.77887180732775,54.884406227087005,55.11394248679477
57.226507999999995,54.04734996225919,55.714107568578356,54.201422734181875,89.25938039927567,54.197783564022814
81.75116932,47.30502376115817,42.07342327783675,44.840241637147386,36.03241986934206,48.4204614072419
64.0178466,47.763005075515146,47.64661082999403,47.31737178337675,60.06567121930097,48.123684407249286
78.80021203999999,46.114944049915906,42.509549139385285,44.308975546125936,40.60728413406343,46.97827585093347
41.36856,50.48517609223119,48.568604561577025,49.51515222392939,47.321754346489485,50.96796779402669
60.280886679999995,50.93168911227179,48.54591065476856,49.76115024114977,46.171642937024075,51.49767917981383
56.83350668,48.56915333125993,46.917422274814925,47.608618615979395,49.299133845349914,49.08712700292059
51.021224,49.44292956079213,47.02848811106644,48.2341525951332,45.32499070929151,50.034220389088155
55.55108132,51.93869157526404,54.11044109440786,52.35392288543573,83.78567494409457,51.97309622430532
44.13335876,43.38349821015837,40.700961550068385,41.899751825942644,42.28411431747135,44.154954672717984
39.37597436,42.58659790262819,39.356214551652286,40.89203609660967,38.60838180027271,43.43995027202518
55.647607959999995,54.40998376300734,60.84704917285483,56.187831305804146,241.98205251362683,54.00992132227708
47.27736932,47.277414870237195,48.46543694932478,47.31780138205995,71.06753523009922,47.45377768478943
44.32641204,41.99971951129336,41.82267884534231,41.6186185578958,50.30845120051281,42.29419062975923
52.30364936,36.44660890122567,31.647019866189208,34.05390571726925,27.388942342054648,37.60653803020203
49.249270679999995,30.150961472210614,25.53128266100895,27.844318917147096,20.880802302471437,31.300153083604716
41.36856,50.5026173088386,48.59687570636045,49.536730446824485,47.38620664829897,50.98388828658355
29.15794004,26.67209622931265,23.663336607260433,25.329880001908272,19.350650071182173,27.23290016455207
39.39665864,30.300521847386186,26.456070600489863,28.531569298569647,21.237247252463053,31.094136864717576
39.300132,30.563693173795386,25.810133372900076,28.252688479519588,20.5777986333056,31.6728632887948
67.86512268,47.507120124935746,44.39513075079583,46.06239145316182,39.1425049991168,48.18374007847819
58.522722879999996,47.51158448191482,45.129502627123486,46.190133817948464,47.66818758563861,48.18911177340438
53.57917996,44.00992031016899,38.92670848128059,41.62940774139653,32.37032468934771,45.09542538348833
58.99846132,45.9846755380016,42.07878280138271,44.07416468653944,38.69159065740013,46.88678487192578
76.23536132,51.26474162217147,51.05403370477547,50.95477367784065,53.992664723839766,51.5199453419907
69.83702404,51.674736124335645,51.11067003582564,51.06302275357935,62.66982036734327,52.078664524502834
14.39625888,21.239555343103603,19.823451629192668,20.6807714556546,17.45327328966513,21.37912153968069
19.41564416,31.12481533770956,27.542043884457172,29.382337845423656,23.535379816074364,31.963339584053305
20.72564856,29.62001131004891,26.126251252407155,27.929518380158886,22.11961351364442,30.430317923844093
14.94094492,31.110251627689717,27.483388238966135,29.345876435511375,23.42796560340927,31.959858600256222
21.29101888,27.446407412215617,24.484917667280058,26.015513089626886,21.209809432268255,28.12112446314854
23.07676172,29.675462116165637,26.655679908577987,28.210041101363803,23.37119173088256,30.37206471898643
15.520104759999999,31.02835457096194,27.769926213733545,29.437934543137377,24.288235931015095,31.792139364379263
15.81657944,31.890473265518082,28.690161917462877,30.325036789814618,25.296881897478166,32.64473079552043
12.5484632,24.374377354897213,22.310912854000723,23.401129750952236,19.96941850964208,24.799938295648253
8.48744956,22.64196035221177,21.027010220826902,21.985017263379373,18.41498132008531,22.83335937038278
15.60973664,31.910279897310343,28.918356524572204,30.406785319873805,26.454588292686815,32.647281916348064
12.17614616,22.10630838151897,20.193292779916483,21.25447387213828,17.598339291779414,22.43650824310286
11.98309288,24.382146654946954,22.84559091900649,23.717569720468774,20.7242269064016,24.613109766568286
16.87837248,22.496037163866177,20.668256581888635,21.706696729499633,18.020147680668675,22.780057381537915
33.08795324,32.38129715847214,28.715787767015666,30.602810891673066,24.57798301743495,33.23422718172921
34.23937816,30.876493130811483,27.23965909208475,29.119746460142114,23.038106664348817,31.716524948754152
31.812422639999998,32.366733448452294,28.654632426681303,30.565599693078806,24.460864919795043,33.23077996680213
29.7508894,28.70288923297819,25.52837771140324,27.164667398331787,22.052859323026617,29.432264713135964
33.00521612,30.93194393692821,27.791650113236145,29.406169340105176,24.39898117540581,31.658872229209116
32.90179472,32.28483639172452,28.95338163008573,30.65954997921761,25.400183821965996,33.06469307873888
29.55094136,33.146955086280656,29.91283450419993,31.564736386262958,26.50539941290144,33.90909291753368
19.41564416,25.630859175659786,23.261724550712067,24.491654915840517,20.71501218404039,26.151637256686232
24.65566176,23.89844217297434,21.923106556985832,23.042412708451753,19.047179980282916,24.212287502858107
29.592309919999998,33.16676171807292,30.15075395327273,31.648138022291633,27.77914797368065,33.91161991877342
24.28334472,23.362790202281545,21.0538590461156,22.29436077344075,18.174831830154652,23.82127235047821
20.72564856,25.638628475709528,23.819188691819214,24.81535972335505,21.528384914833364,25.96728233755487
26.200088,24.095195844836727,21.795732922412242,23.048337650697096,18.797177977965713,24.532603544518647
46.38794528,33.98045583944268,30.282265867310706,32.19205806865792,26.046512876019825,34.83439650566031
39.1622368,32.475651811782036,28.72561273450116,30.670500043697285,24.323574253999478,33.334937793840474
41.20308576,33.96589212942284,30.21777443527212,32.15389259355933,25.915018532265833,34.83098958230454
33.68779736,30.30204791394874,26.920979054797595,28.663145272987265,23.227925383756467,31.0802146423568
38.20386516,32.53110261789876,29.3077154786256,30.96443221662525,25.84556878012194,33.277998729575984
41.40992856,33.883995072695065,30.532820739365913,32.250251106896236,26.971751018040358,34.66684994067179
37.810863839999996,34.74611376725121,31.54461283285864,33.17845371804645,28.22132607847153,35.50147005571444
24.84871504,27.230017856630337,24.5306774479626,25.91551388018393,21.748490242338757,27.847194571879164
27.22051248,25.497600853944892,23.119036356669053,24.424106574847656,19.917444451315284,25.939475977052147
44.63667624,34.765920399043466,31.795511051994467,33.263959307127195,29.669841331175313,35.50396823233354
37.2661778,24.961948883252095,22.202370429122883,23.65377103867495,18.96555204758016,25.555203706114867
33.27411176,27.237787156680078,25.118551876812127,26.248464845150462,22.646806045865056,27.665724487772852
36.56291228,27.293513206777828,24.2385560321634,25.852303453618248,20.571245698634613,27.948324264710607
53.72396992,37.178773201383784,33.67624298841172,35.49123638315386,29.58148976584428,37.981377868656935
48.587373719999995,35.67396917372314,31.945123217557462,33.89269117133385,27.378922316219036,36.514827680672425
51.72448952,37.16420949136394,33.60452348282655,35.451162355046584,29.411997252795175,37.97804382553061
35.852751999999995,33.50036527588984,29.9382297252058,31.78078498282445,25.998541502061855,34.312987675995124
53.77223324,35.72941997983986,32.59246689855054,34.201641930191634,29.322572105951025,36.45917220094249
53.46196904,37.082312434636165,33.95487956039857,35.552337322779714,30.780694270316324,37.81742535698865
48.9872698,37.94443112919231,35.080071332491045,36.52657234213965,32.418836576788614,38.634340349154655
31.715896,30.428335218571437,27.28002779011675,28.88391576939699,24.159099410960206,31.164109152811363
39.64487,28.695918215885992,25.710172726723176,27.30817826816569,21.920540743193254,29.31150098564289
51.25564584,37.96423776098457,35.35908973322765,36.616285837324554,34.34499176025604,38.6367862662441
43.388724679999996,28.160266245193196,24.690768675173445,26.49327552966958,20.773072292405065,28.93889079871643
39.2656582,30.43610451862118,27.9337900349685,29.23535904926751,25.272688992393945,30.987692291665184
37.9556538,32.31944048982813,28.64211075265403,30.58364324166698,24.153459755208225,33.11687499431741
55.020184799999996,42.204700484434085,39.79439534795118,41.000767260820105,37.60060534507278,42.80019104584426
49.99390476,40.69989645677344,37.7487733176156,39.281242183935376,34.112415342229006,41.37776567993466
53.65502232,42.19013677441424,39.70964615664745,40.95769407798492,37.32718799414821,42.79695509583129
37.6798634,38.52629255894014,35.3772762036604,37.00504091031266,31.995813328153986,39.24610942718692
56.061293559999996,40.75534726289016,38.51372356388568,39.61379357782573,37.183273024031045,41.32382436843174
56.8128224,42.108239717686466,40.12365339220088,41.06643775976925,39.55963927361832,42.64107399252941
50.93848688,42.97035841224261,41.45326507828824,42.1130094206016,42.30716682352803,43.434129953489474
33.56369168,35.45426250162174,32.2361437811386,33.87365512161871,29.25459493284901,36.20697697049131
41.1617172,33.7218454989363,30.38108432414502,32.16539874112381,26.035086343429047,34.42490868963204
52.95865156,42.99016504403487,41.782974320262966,42.209335339664456,45.648094119902304,43.43650530448837
44.27814872,33.1861935282435,29.17647940842944,31.28046182754806,24.432173585842172,34.06708482651533
40.14818748,35.46203180167148,33.00867868784262,34.25415775348122,30.903496271508033,36.03707322015641
57.02655996,53.710397609076736,55.92565914074108,54.124260997796334,87.21010208174262,53.75216117182659
44.42293868,53.719118217380434,55.941933567462556,54.13554044789053,87.31954153061018,53.76001643742378
51.021224,53.719118217380434,55.941933567462556,54.13554044789053,87.31954153061018,53.76001643742378
53.38612668,53.329597713148516,55.219607315674985,53.632871083182486,82.68489290002515,53.40886714231682
35.36322404,50.85475710734361,50.864983653162675,50.462020264280405,64.255256216753,51.18779499235313
25.021084039999998,50.863477715647306,50.8797854178959,50.472911447412926,64.31464633652834,51.195746834513685
23.34565736,50.863477715647306,50.8797854178959,50.472911447412926,64.31464633652834,51.195746834513685
52.00717468,51.31165958762091,51.64278579417683,51.03935849874822,67.08028222124098,51.60021691186742
38.01770664,51.320380195924606,51.65781390016634,51.05031180459462,67.14501202534869,51.608152818667826
39.300132,51.320380195924606,51.65781390016634,51.05031180459462,67.14501202534869,51.608152818667826
61.06688932,56.90871497101784,62.19369761705169,58.378262283807736,145.37779109781556,56.58844899766022
56.14403068,56.917435579321534,62.21179604968453,58.389976592898996,145.68215987051886,56.596203936953145
55.25460664,56.917435579321534,62.21179604968453,58.389976592898996,145.68215987051886,56.596203936953145
54.765078679999995,56.527915075089616,61.40851288459068,57.86788352632201,133.223629054582,56.249556775886745
50.23522136,51.24374321086164,50.52947623042203,50.630753914231875,57.234277619421015,51.6376327356031
46.68441996,51.13037530291354,50.33871133379419,50.48903897140329,56.628752439032645,51.53445687562427
46.68441996,50.455981594094105,49.218697461291946,49.65012156061132,53.27578571571314,50.91961959018707
22.752708,48.38810270912851,45.9570977249501,47.09078059872816,46.36409339995305,49.046582718726896
25.510612,48.274734801180415,45.78359501621755,46.954113126401225,45.965934094602105,48.9420686606548
34.77027468,47.60034109236098,44.76493044987289,46.1452216939781,43.73186561702229,48.319184036730334
36.83870268,48.84500518940581,46.65985090479981,47.64855604631403,47.81715634024443,49.46341112444341
45.89841732,48.731637281457715,46.483695078566136,47.51108097870683,47.39376307420259,49.359118243526595
41.66503468,48.05724357263828,45.449453598129054,46.69738538974469,45.022326507878,48.73756407509955
56.33708396,54.44206057280274,56.192721082003565,54.7478156920696,77.61495185554007,54.50158706227039
47.96684532,54.32869266485464,55.98057562893052,54.60044758227915,76.50557907191235,54.39979584598525
61.45989064,53.654298956035205,54.73503279253751,53.72790107571409,70.51031715962168,53.793279404002114
44.02993736,50.07514560720946,48.00752731329016,48.93833082853958,49.40999733744929,50.662719977242105
55.45455468,49.8193410969676,47.5995366988344,48.624238893824476,48.4018275839169,50.428724114771455
55.55108132,51.93657551361391,55.653900311528254,52.91643178393527,98.88882565243026,51.77869157162814
57.915983999999995,52.207445636852654,56.05856584386183,53.271771392427524,96.77130800185945,52.005354005926314
25.60910856945864,49.08093501188078,50.61781609862876,49.29600431814442,70.37924872830837,49.18946548602125
33.488834284729315,49.53783749215808,51.39183867579961,49.866652429776224,73.78268802455037,49.60599246249657
59.590425715270676,55.13489287555501,61.89148058986752,57.12360221009459,181.01401019443233,54.64075822211977
29.54897143054136,49.35180513511953,50.985863717617875,49.63899349278244,69.3000256339717,49.41904525075921
37.92118,49.80870761539683,51.76551429671628,50.21161767383093,72.59744067683718,49.83509017029667
61.85584685418796,55.405762998793755,62.34150024346989,57.49277430450358,174.04290367952714,54.864400313517834
62.052839999999996,50.36528692128625,51.97119811441932,50.65864804235718,69.42189058984415,50.42033339725768
32.01138571527068,48.59145743533225,48.672337653959566,48.27798660230728,58.91415138994629,48.8835108900648
72.09850532,51.99616821976037,54.35457404759523,52.55034960970401,78.47521253367754,51.961964684644926
39.004642284729314,47.96654889983042,47.99116350037743,47.675616327765326,56.03613671119468,48.23274579420137
65.69721314581203,53.56360428322735,57.79602833450394,54.77682161576025,101.86674339436408,53.3008394488731
32.109882284729316,49.14052771802724,49.43606499921377,48.942689398325754,59.385085675807304,49.375098753317346
40.28509771527068,49.597430198304544,50.19201682379109,49.511294749251554,61.79008575156995,49.79123573335957
74.3649114581204,55.19448558170147,60.44652837997799,56.743220710921214,122.62497661843516,54.8215879426196
21.96670536,20.44024251390962,20.513661980795845,20.790614792259678,18.67633719248488,19.930637470481805
9.84965714581204,17.584602012176497,18.657394429519783,18.545217534635004,17.349045946823384,16.591126013142006
15.069975430541358,18.041504492453797,18.942694065748483,18.895860812960226,17.548589044573372,17.136049700217633
23.24519085418796,23.63855987585072,22.81279308736135,23.457751385272875,20.426606504346754,23.51192113150017
43.733462679999995,34.02021664781913,31.00769220966042,32.61889184270238,27.05676024328497,34.65350366426864
13.395533715270679,31.164576146086006,28.201826882317476,29.790182139990126,24.35714931147058,31.778501035443462
24.13166,31.621478626363306,28.63307525308567,30.23415540952936,24.752298321389684,32.24274559106194
44.520450284729314,37.21853400976023,34.482973696153614,35.93933837421367,30.891458094582976,37.80436624739395
62.935369279999996,50.5642095804241,50.778185887434226,50.284280819792656,63.042197800385885,50.845561728480924
59.494884039999995,50.5642095804241,50.778185887434226,50.284280819792656,63.042197800385885,50.845561728480924
25.11662571527068,47.70856907869097,46.18330181145846,46.75666038764304,50.10331609352159,48.2441483414802
23.639177145812038,47.70856907869097,46.18330181145846,46.75666038764304,50.10331609352159,48.2441483414802
35.75425543054136,48.16547155896827,46.88951399217981,47.31245937389225,51.804506482556356,48.66269008988124
38.610656,48.16547155896827,46.88951399217981,47.31245937389225,51.804506482556356,48.66269008988124
68.75060685418796,53.7625269423652,56.46930563085493,54.387507368273795,88.6960487897345,53.72023192896764
66.78067543054136,53.7625269423652,56.46930563085493,54.387507368273795,88.6960487897345,53.72023192896764
23.84897484,29.117657275178566,26.23278998839647,27.81680118595221,22.22934686640957,29.666459985187124
32.068218236,27.38673889234242,23.695164840518366,25.6653278219174,19.163135365510897,28.154192378726677
11.654902304,17.449109946311143,17.033773609001702,17.512234932975332,15.051426175600719,17.12266709469601
19.199148695999998,28.18985971240608,24.35817290300863,26.32313460846688,20.231461634871884,29.08303642414941
48.846616696,38.12748865843736,33.88391412256556,36.14343830881132,28.431216591553607,39.03175537608759
39.604880392,31.045500214139203,26.781624159240152,28.985996215249727,22.059667731708828,32.01882578720862
43.942373908,39.90814754736564,35.89127382420012,37.97658170316797,31.47191148573233,40.814786901704124
34.569637164,37.50940952590981,33.14266464555701,35.39986442213914,28.396736935494474,38.504567840226386
54.315540328,46.99013599166379,45.40937595037873,46.112127673065935,46.26336969245496,47.45651209579147
24.404692496,37.05250704563251,32.643496463132294,34.919323372055935,27.87788062705186,38.06063248098433
15.615941924,21.982064658285584,19.831718906775883,21.023253739586355,16.924335149864916,22.35894515089725
21.859147104,23.89381037222092,21.041453813551374,22.619443235804052,17.213021467213572,24.40620974647411
10.222171176,14.41308390646694,15.357397735647446,15.328616052454459,13.947878048535063,13.386415894693023
14.596896395999998,17.906012426588443,17.294245639681463,17.853019136526672,15.201387682883857,17.66339539323565
18.746162964,16.811821927922765,16.631027506448998,17.039668786264965,14.651039056661107,16.339905611502413
31.966865263999996,24.837705160018707,21.804822730664092,23.409814480196953,18.185075497588407,25.48012861796122
23.404952295999998,22.438967138562884,20.134975731369835,21.396483175189324,17.11417460759956,22.865336083517917
25.573354316,20.304750448044267,18.728503349835414,19.696012973263247,16.040416930300996,20.438766996007125
41.680203152,31.919693604316862,27.587301519526275,29.882030425651365,22.305915681649324,32.84906555824008
27.742445811999996,28.64676219268338,24.73064602055332,26.74057218265741,20.503337546431595,29.557582503554258
8.204074924,13.956181426189639,15.126096951704465,15.012963487555705,13.82152578141741,12.805931970993873
9.617500724000001,27.045441728547832,22.598364827192135,24.83068440116974,18.027955069502934,28.155677860378546
25.422359072,46.11457682583046,40.88012136949366,43.78628239222989,31.658486800420178,47.146416347204564
15.691094808,28.310919416905772,23.836806957192174,26.085552606146457,19.270080815854392,29.416723907879184
27.935499091999997,34.89279366149654,28.98910900021645,32.06588414973987,22.122065503458295,36.225181543834985
32.626693796000005,37.631671586522764,31.56488316012011,34.77882649716014,23.937933453028723,38.94866860076458
17.236210524,31.123480563933864,26.041114517912582,28.61785405840443,20.735816068527193,32.348331907832694
19.765208492,33.9428203991306,28.455124601828636,31.273966263205008,22.44601707215245,35.22166212009335
39.435269296,48.51331484728629,44.270418378557395,46.64693458029386,35.52882793795333,49.346149655413036
25.745033839999998,27.881945114381136,23.617285843029123,25.772376794854612,19.1798335417495,28.921955134374425
33.082437432,33.24061281507749,28.72047753594237,31.012219612850547,24.211908652685658,34.316422819653454
24.065470304,29.335578195957936,25.26898738853399,27.303737662344282,21.346228273572166,30.33843282356346
21.819846971999997,39.29832697018411,33.07442489919556,36.39732649199562,24.922862014968203,40.625377774158544
21.066249704,29.444179750003656,24.472507224933008,26.99608192039388,19.22025004221567,30.645477046263878
14.843728804,20.34094625992301,18.92959610101649,19.748687594210164,16.831749868982776,20.52394094659734
32.051670812,33.52221858538969,28.200773288609103,30.939197965976813,22.329010668107678,34.75720733844144
11.957582268,22.901235546165505,20.07050970742685,21.518625032046042,16.932542139119448,23.575130673620457
25.447869684,30.841874793621667,26.52101901137261,28.688084566160192,22.34989553277576,31.899493612360807
22.489328168,33.53361737052496,28.496772753757117,31.016151264219534,23.764722779165258,34.76776476169883
25.216895223999998,22.739684281378835,20.499477767071234,21.684717664767764,17.866529020926073,23.205236497939822
39.699338604,45.78482164714799,40.670182003994434,43.50769770041782,31.681781406534654,46.795023993926755
13.089012384,25.483207092925312,21.80863761948744,23.657663660898645,17.992392737751917,26.39380663137756
38.70028788,43.37693083991358,38.446102273678356,41.09887679388259,31.31208730186174,44.414323955326495
7.507014687999999,21.820638729154567,19.176640704540333,20.544679380987375,16.10020673177721,22.436247392384242
17.576122192,16.725191210197995,16.901283721390023,17.093866258885495,15.534281749070502,16.20968509001687
21.179323768,24.837039417253433,21.87058219846709,23.37310243584335,18.821268921651544,25.548190779080887
18.19871902,24.21937675061039,20.767010435512056,22.518437853001945,17.044470162023934,25.062624850996198
17.200357771999997,35.232933565066936,29.1475956600536,32.314925795930776,22.11623664994145,36.61021878278994
22.629981272,25.29997356762133,21.73501036818692,23.537565722205905,17.980137038021613,26.171299613459933
21.859147104,36.77413875983032,31.104441458564082,34.059835176226,24.473144093634183,38.04940696154122
12.37264682,32.49405564004071,26.769078263247863,29.701834335304923,20.5572307018124,33.842186204853505
25.726417988,21.779575573439224,19.660242511792983,20.843954141458685,16.685363792978464,22.144304062677243
37.813621743999995,41.697064991639934,35.81737477448442,39.009460510389516,27.260692452961482,42.90589983360822
21.917063088,43.386083625692166,37.55559665656964,40.74652907387688,28.567485846852907,44.56502097118246
33.0431373,39.17287678128615,33.684015376469844,36.588177182686195,26.723557190417317,40.36625520153661
14.54104884,31.134879349069134,26.314445886888684,28.69186602953325,21.96830435030324,32.35908057538378
26.91369566,30.709657438361596,25.813656649054998,28.303862634526002,20.63856993900163,31.880763668532953
7.995853172,19.854912147419743,18.270839227227277,19.178120104772216,15.894072107542696,20.092441729631147
31.899986092,27.235777438709256,23.68436765041728,25.475331905212695,20.124598775064726,28.095823111506395
10.335934715999999,14.326453188742168,15.606957312274359,15.380022627193098,14.746065215134713,13.249501522416612
19.765208492,18.21950928235875,17.7321366438184,18.184092319756797,16.055018280777503,18.008122606375608
37.437857324,31.73431621741376,27.364611606258205,29.572209116317794,23.038430454170904,32.78445345169621
11.483912255999998,15.820771260902923,16.374182234763953,16.415019061058686,15.214500847474767,15.134078954263165
24.437787344,40.97819281845775,35.5018403867895,38.41650375200028,28.26655561137936,42.15407724970548
17.596806471999997,22.253650168875566,19.78608843662365,21.08663643082289,16.81362059566727,22.78694029523229
10.730314988,19.3808375519834,18.15463077767204,18.946713159932603,15.779412750718452,19.428858251974706
31.38150014,36.34155842058643,30.814983638404453,33.69859223736573,24.324753936570726,37.581936526906915
13.22414968,21.371282953554935,19.76759165424403,20.71657232567785,17.240946629636166,21.559281129919857
20.96696516,21.828185433832235,20.069867876648924,21.0870814965208,17.43799670616099,22.070237588612557
27.04124872,22.62776477431751,20.610016053624822,21.743374471482795,17.79389388497028,22.957394982529227
32.039949719999996,24.22692345528806,21.734315308678404,23.086131411538332,18.55112454638753,24.706700353531453
35.17017076,31.308911899586214,27.498096047245674,29.51618325321245,22.859182577794734,32.1239910776334
36.44570136,41.58921770582546,38.68962784476663,40.25400411785336,34.48374235842279,42.19302726491364
38.89334116,62.72095741865059,78.05789727966446,67.54710683488526,NaN,61.25732689506256
6.467284879999999,11.580358788687635,14.203346024938224,13.560268795464278,13.563286452715875,9.543453296967364
12.83804312,12.83684060945021,14.808642079892254,14.39337384866608,13.903170182759863,11.235239187230967
18.415903959999998,14.43599929042076,15.616469944531387,15.489607216317625,14.361197572438885,13.30081137344848
21.946021079999998,21.517987734718915,19.757843040134,20.82791180877403,16.81432892573554,21.685292041714874
24.104080959999997,31.948591445293484,27.912161216936408,30.11296629404893,22.431051075961758,32.74461631422836
25.083136879999998,53.08033115811861,56.313920151076545,54.193575823005055,70.08721246289916,52.752665129032835
21.26343984,17.614450564103972,17.26136426426117,17.704352100407267,15.37465487253532,17.276342027022142
25.965666159999998,19.213609245074522,18.20299084684232,18.91795714393513,15.936726211887486,19.14738993655272
11.36256448,16.3579687433414,16.555814380894837,16.77902644473121,14.960091221712021,15.770057532490947
31.25394708,26.295597689372677,23.030290282654445,24.776050586700972,19.01532819199018,26.965404794138195
32.32952964,36.575903495611925,32.40345653975181,34.68360925937825,26.42550447319692,37.40532009894132
33.70158688,57.136515108090435,64.1468293776575,59.486175993826166,119.78368519090759,56.417244277135254
9.307926,12.691903737033593,14.81599646940582,14.342192497305385,13.988160226412013,11.005904532064996
26.94472208,22.629532683064873,20.610082456043866,21.794354527498175,17.47223263387465,22.890183845359985
27.62730332,32.90983848930412,28.998241140195667,31.138262739716524,23.536751525255514,33.676368646632525
29.7853632,54.04157820212925,58.505130555772766,55.566100560102065,82.14479282939692,53.58100252953129
34.48758952,38.982069288137,35.33330824721215,37.32847025532144,29.902826710317868,39.71088628088808
36.14922668,60.11380900096213,71.28638602515467,63.74111548188803,319.6385270696607,59.002491846390114
12.541568439999999,18.76413453586647,18.05275594861787,18.633422116185734,16.01436491257241,18.592481691242398
27.53077668,21.619775037599595,19.848866611610795,20.884000460091443,17.138674398622506,21.847787052491476
32.922478999999996,28.70176348189775,25.112640208044823,27.01898006171772,20.751805535599438,29.45835085976067
9.99050724,12.187559173300253,14.479161961011533,13.950158924268317,13.712169017656956,10.379617187568371
7.8393421199999995,11.85372334621062,14.204543643503486,13.603438302835237,13.738657312699255,10.10480094057727
12.24509376,14.252461367666445,15.382564163413742,15.217954236543275,14.420365931224516,13.24293556283715
11.169511199999999,14.239841146364837,15.360751183946943,15.191784874862652,14.430253299925269,13.25073499110247
17.3403214,16.638579167820662,16.634659065119966,16.895386061634678,15.184206279906839,16.210857921174135
17.54026944,23.85824097277449,21.05547449255731,22.483081857612103,18.098487403310312,24.520974556825703
30.57136584,26.256978994230312,22.801660898202492,24.545767658824584,19.300441069044343,27.09331053688814
14.2032056,18.973892107402005,17.94765615159524,18.607377091101153,16.03885363520505,19.006623536696626
24.49708228,21.37263012885783,19.436102930421708,20.487958600248763,16.975724778167166,21.735825204763632
15.575262839999999,21.32182526828495,19.391788139057812,20.432295564926957,16.981733799929895,21.695858291000476
26.848195439999998,23.720563289740774,21.000000618028242,22.40077214338616,18.035613814298728,24.342837852730415
26.0621928,28.592291933811648,24.601428131719953,26.600793455710328,20.702656853222084,29.575272506531203
38.21075992,30.99102995526747,26.641689887789678,28.840459579298393,22.290564984584776,32.03616569857665
43.69898888,33.33896311615042,28.78537462534218,31.101971954629196,24.154451205545755,34.415011845440965
30.143890719999998,30.940225094694593,26.580946181441465,28.774410761729534,22.300926837229508,31.999895818557075
12.73462172,16.587774307247784,16.596731634476114,16.84484181730612,15.189013733409585,16.167846140138533
20.87043852,18.986512328703608,17.973142656156377,18.63633807338974,16.02663996192007,18.99949689515267
20.27748916,26.055876229322113,22.657560266200754,24.365799545697755,19.254264971942472,26.888230787179204
34.29453624,28.454614250777936,24.536611898872884,26.511256446532542,20.6204290240049,29.405321830723533
19.539060364,33.19865043047075,28.16718202948656,30.80335738505542,21.98516212421786,34.33131410386167
47.714497103999996,35.43843355218074,31.088415105907718,33.41922913025435,25.172023596566465,36.359831314030664
43.377003588,34.183682647224174,28.794045302880036,31.684206619521873,21.768603304060814,35.31999221652468
29.89223198,20.997553808336427,19.157936141326086,20.252137844835502,16.109215463401707,21.22534941867487
6.902344236,24.105282842484034,21.098075331246434,22.69645656542415,17.3039269928306,24.751736899214393
33.192064116000005,23.716209705990032,21.03299705494949,22.543893735522925,17.14195120452567,24.174421217317672
4.9035533120000006,14.77159527501959,15.76292593325111,15.713139286776675,14.325411699709647,13.739644104163023
4.565020596,11.406718604052685,13.614276469186294,13.154438631768194,12.607855346157487,9.565298965188529
25.460969728000002,21.344347550083963,18.93840628193401,20.324214480098725,15.370363171441495,21.70308835493477
24.290928956,16.634221261691877,16.624343339747895,16.9741047106601,14.599518858440554,16.083460903698107
33.947729812,26.960923344217157,23.19717190015457,25.173666851496627,18.62406089260017,27.800371202772773
11.414275179999999,19.745319932680943,18.19084572040648,19.130301087301028,15.564326176531956,19.908167677360126
20.593958644,13.313525474442255,14.897957251201102,14.659835270384272,13.579880256652777,11.886479436793152
25.893960655999997,34.87735427946982,30.202180728370976,32.646610249742,24.480459242271852,35.93045487905814
29.231713971999998,20.395513918740406,18.848786059421467,19.863897978438313,15.753151871327105,20.441706729844704
31.023662096000002,24.49963605476561,21.032867568437855,22.902156629491927,16.64873267574485,25.202261869523618
10.3938507,18.598815786880603,17.6907918047993,18.382671815840183,15.263163275559641,18.478445444958332
33.664355176,27.10169420292602,22.758625126260323,25.007957738530312,17.826356870513692,28.104416801695514
27.874825204,21.51306408293707,19.00322190831993,20.385617374074293,15.601285831867676,21.981674382749006
19.35014394,25.957707086426762,22.69031218008568,24.404826174274916,18.75237319891612,26.6824230486881
11.392211948,15.887071338468855,16.02822380049088,16.29610506702336,14.245270833313366,15.2952374973282
12.788400847999998,32.42557047637449,26.855362858966934,29.753312375663803,20.40903038443186,33.69437846541637
39.321505756,35.281210978107616,29.52726535002274,32.580310765785704,22.270945856277088,36.529735289696994
4.782205536,12.259757002572256,14.101623443633123,13.762035862697962,12.988322043160032,10.677022941247941
16.10960674,34.029548045391785,28.693923452623324,31.477456561162327,22.413061295495215,35.232659788788055
43.377003588,37.27609230092565,32.70692776826135,35.12289189606818,26.732279752943832,38.279463195059094
20.416073836,25.985823469984847,22.296758592506148,24.19681744790689,18.157918549638985,26.84703498087699
6.940954892,15.430168858191555,15.786819573415245,15.970592440674153,14.113498480481727,14.734260756556015
15.030576799999999,19.784712798994843,18.57647058298376,19.382651783713428,16.053696333990686,19.79679386214062
13.565440299999999,25.528920989707547,21.960942731602636,23.79981082131002,17.94436195181459,26.36081327066367
32.53292506,24.709224221050867,21.927327257647917,23.47706695166253,18.001585546960186,25.20476197823987
15.748321315999998,24.562185322761334,21.420696651167002,23.08418992830102,17.502427615496934,25.2455831714569
7.675936308,11.863621084329985,13.822459242984028,13.450012856440843,12.712907512809664,10.188215050291966
38.804398756000005,36.88518854712491,31.548748611897977,34.383378736071634,24.67888226296809,38.03805755646596
33.003837168,22.183450820450666,20.11706661221787,21.301077448173107,16.992353020830773,22.500526475376475
17.275510655999998,14.26235910578581,14.968792489058112,15.055654304064293,13.294466839520583,13.320919163186014
24.281965768,18.28580935992468,17.35748695801075,18.058923123448754,14.979525969722634,18.16246575470958
24.046164976,17.627235776752716,17.331216084032633,17.785088239692115,15.218463926473717,17.22044133199195
36.588422892,28.595052527235225,24.042736742364827,26.451686730973304,18.53970557895477,29.582628374780437
50.732333556,42.36319942240577,37.357679185008855,40.14481208202813,28.78314193859423,43.33997140710846
13.664035367999999,19.114326061481247,17.54792582669182,18.50985184906123,14.806428959699284,19.260794227518375
14.143910664,34.42045179919252,29.74729975182086,32.18519979674502,24.093874145728197,35.47871421547737
47.782065751999994,35.466549935738826,30.549200078807747,33.175741411492375,24.112392110523533,36.512225780524815
2.331807832,10.45788497270913,13.549851064622043,12.784626641628657,12.864264603894703,7.994949097611599
16.889404096,24.702956181470196,21.015734466493363,22.92551850374397,16.796091637620467,25.556991089687376
23.523542168,34.486450525669085,29.132696720451932,31.93378382625309,22.747216593190114,35.68518086778249
6.8085755,19.327810318717543,18.296686710566085,19.027499612976737,15.886539834069858,19.271535008073705
39.700028079999996,29.26543926474882,25.451964878356378,27.493095788200225,20.5376722700759,30.064788475885475
17.96429718,15.115397504305381,15.504626747101565,15.705199460539632,13.718197971749733,14.349024844627085
32.88455782,28.38456149144067,24.145887984387063,26.3349790056325,19.368042943314165,29.3650382313395
22.347985588,17.41764761046746,16.624240994455793,17.28516293806478,14.240222135385668,17.21769140122866
10.787541496,15.22849775529689,16.0039647906138,16.03603083634842,14.46118990076788,14.310267900314038
7.723510152,10.91478745298643,13.75704867703749,13.076039739334828,12.973651703717632,8.645166788011077
41.684340008,35.59738845192658,30.50316122400002,33.210013190592086,23.78445154461565,36.70612909766234
9.561653168,32.74174795019345,27.742950568074182,30.355208996970727,21.672867181636764,33.874359959934736
6.883728383999999,18.657423581203947,17.28363306888522,18.16282541917151,14.664122272221798,18.731856103846237
50.526869708,43.96717699142307,39.91524495616288,42.14361103858683,32.936468678795165,44.78658774249617
17.165883972,20.202222412958243,18.46901112481649,19.486406941331328,15.724736610010162,20.42924526257552
30.439675923999996,22.600960434414066,20.00069525586108,21.40983944308246,16.624241287221242,23.113411035790193
9.731264264,25.50080460614946,22.34856893129409,24.0061097167193,18.524692531929187,26.195444529034695
3.31982694,13.778580759958752,15.120017630777177,14.951425792868685,13.77566524559087,12.533184253379538
26.322814728,22.197385948603532,19.616339848454054,21.077790491927075,15.93958768508945,22.6169424101476
43.25082948,29.682948878712217,25.304732693270264,27.616639874160533,20.002348516511272,30.63541805328132
6.280436883999999,14.562007108734333,15.119924546642102,15.24344988052968,13.455329886434544,13.736734447232008
32.102692036,25.367797804222832,21.96056497439379,23.791528525469868,17.668220678601056,26.063365886022947
36.964187312,28.356445107882585,24.57208001593836,26.551964344533936,20.045850898989336,29.204087737861972
54.598914963999995,44.3580807452238,41.38056471568994,42.96191361112975,36.69863979763379,45.018369019233276
21.48062478,32.88247295665179,27.266021768676772,30.19701183518858,20.685732310129904,34.15193650280641
9.694722036,24.246053701192896,20.699212361582696,22.539125652945057,16.61320558597539,25.064674678625842
8.374375495999999,12.716659482849556,14.317258486023455,14.064321755457902,13.09983822460895,11.283655973619727
39.6621069,28.07954225263458,24.23848005328388,26.29960868968212,19.261410532587114,28.881378700335283
10.089791784,15.018909589011633,15.351130945223527,15.561503686840567,13.575046544907416,14.30738769700365
4.827710952,18.141913306603303,17.424347314433323,18.036845289953845,15.111986521358562,17.943895737536167
10.354550567999999,14.235483240236052,15.351225452755099,15.266434136820584,13.901176610002898,13.116713666790698
43.565230536,34.04291178851531,29.348891459222422,31.870693669696493,22.97002898439961,35.03292720254601
51.863763672,42.67937689622473,38.59237547489027,40.84347289951318,31.36243200948905,43.50900502438361
11.85209244,20.42989648567843,18.853612594995447,19.76727587575774,16.479201905899444,20.642386560824548
17.24379476,20.88679896595573,19.14191270224078,20.12923463692251,16.659133527139296,21.15884092334817
27.827251359999998,23.285536987411554,20.729402347772865,22.083394901129594,17.672158668495364,23.82127516723307
35.763120119999996,30.36752543170971,26.226687552170205,28.380915392791913,21.539101941681793,31.295874686139708
38.70028788,33.794294033789456,29.388274313356394,31.711340594008334,24.08968115550815,34.75098976360586
14.306626999999999,22.99838912698164,20.44034448280682,21.77023598670441,17.53107141292517,23.569665868476925
17.43684804,23.45529160725894,20.752908108310034,22.150009283471636,17.73484826311766,24.069513413788027
31.74347504,25.854029628714763,22.474001880342776,24.197695859591608,18.887449286395725,26.653089709864517
37.91428524,32.93601807301292,28.43394206326271,30.771341653091984,23.372010944860946,33.9515284620392
39.382869119999995,36.362786675092664,31.861609953716826,34.235375871326816,26.405722678968534,37.341201334370574
15.87173752,25.471605940904332,22.083913583249934,23.77622592810228,18.71939348326292,26.318197498381906
9.011451319999999,25.928508421181633,22.421609853520053,24.17303660892474,18.951915344250146,26.804613678517306
33.60506024,28.327246442637456,24.281093491978844,26.31016945133468,20.274037443539044,29.323557984381786
40.65839972,35.40923488693561,30.720261093662486,33.14789469769115,25.5328874251564,36.47294581458254
40.85834776,38.83600348901536,34.423541219324775,36.73970929634022,29.197477831218144,39.80577816187292
12.052040479999999,14.266944991955373,15.581959262145537,15.342616019511539,14.734197937239749,13.170397683369467
17.54026944,16.6656830134112,16.874212516589807,17.05442928415002,15.521112455303536,16.134482758323358
18.91232668,20.288525345891035,18.90554341527897,19.713575943185994,16.81818993968642,20.459466703502876
25.17966352,22.68726336734686,20.4734303282414,21.647924440815967,17.851251328688974,23.142714820081203
30.9574724,18.801395472481392,18.276555302649765,18.760067607319204,16.497145166916773,18.580243171340076
43.892042159999995,40.081900720585985,36.00663830802564,38.12482211620902,31.47747901525889,40.99938892670585
54.27555072,47.16388916488414,45.55533424773575,46.275461875706206,46.27540139043108,47.63430275360063
36.93522932,33.17865899691661,28.673914166382676,30.957978896498492,24.177273154068352,34.25079362554868
14.49968028,18.844941369167376,18.039417000730353,18.60705783203005,16.2683190132781,18.789210955998694
22.435549039999998,21.393977294958518,19.61489347269543,20.596790076089334,17.276195357720827,21.70240906475703
12.63809508,39.42215433143645,35.679141926779906,37.48341741323404,33.88505531861818,40.392582524280606
26.0621928,39.6506055715751,35.950900852343935,37.73191301193358,34.26555551869716,40.61144463739935
33.21205892,40.1075080518524,36.50064422481826,38.23136714730259,35.05278104182691,41.04828779490055
36.93522932,40.90708739233768,37.48300029002288,39.113313810185204,36.521110149988566,41.80998500321348
44.0919902,42.506246073308226,39.52773956599419,40.907378126081966,39.86055491341576,43.32311020062471
52.61391356,48.95696167009781,47.23578867255169,47.83520190574485,54.69002482006839,49.585054730907835
59.76377968,49.75654101058309,48.50706386461128,48.82112639064814,58.35024995509672,50.311959933325426
67.30664712,51.35569969155364,51.15317804646935,50.823146350586256,67.36764365346498,51.75797708378518
69.65776027999999,58.43768813585179,64.71862504368923,60.1727915660261,213.45038153361315,58.046496094728276
71.62276688,68.71799394209104,91.05865050668254,75.1487318441979,NaN,66.88561867183245
74.16693332,78.9982997483303,128.11888117988806,91.78715525206748,NaN,75.44095797867784
18.12632404,22.23129018067622,20.41613514419602,21.45562713897429,17.752011448731704,22.49813985069938
22.53207568,23.03086952116149,20.965602547111096,22.11758664064535,18.120977274387943,23.381150701313974
27.337723399999998,24.630028202132042,22.1092994401235,23.471676634119017,18.90691708674931,25.122830600190618
29.97841648,27.828345564073143,24.58726647178984,26.300540581592582,20.702749002429897,28.5198809200036
31.35047372,31.712016646430193,27.972523215354027,29.95191771235915,23.401828272810157,32.513913951722984
32.72253096,41.99232245266945,39.35714353538105,40.76259392040234,35.733708828698326,42.55741587509111
6.26733684,27.90738982313347,24.139887807273585,26.06094170580265,20.189289982080314,28.79679263004203
14.699628319999999,28.13584106327212,24.323755176819738,26.268212023784773,20.323756432545068,29.034890720945473
23.221551679999997,28.59274354354942,24.695701995539658,26.685215597718948,20.598135388350087,29.509631418242453
27.923778,29.392322884034694,25.36034704920994,27.422873778090583,21.09655651144974,30.335878389103186
31.35047372,30.991481565005245,26.743782133449592,28.9283611289654,22.169441786285066,31.971824913657546
38.99676256,42.449523072925004,39.15834085017045,40.943394052659215,34.210571090918705,43.12710121769398
41.244454319999996,63.010134685403514,77.5189957326472,67.6037757804135,NaN,61.616961320041995
14.98920824,25.248870921512587,21.96239589219041,23.6127454773818,18.638194749125805,26.059296750617943
13.52062436,22.231588320654478,20.007069979831208,21.211959827927576,17.17238957644349,22.660180342958835
24.00065956,29.2101257135629,25.178846759335084,27.19670359839738,21.281117245855498,30.20356026978507
37.42475728,31.608863735018723,27.266995375340656,29.46081313309303,22.962605348059494,32.65217700639669
11.46598588,31.27100796910037,26.420347764997743,28.810346325757962,22.07201717922234,32.50499699042094
22.435549039999998,21.2436793906232,19.535473750416738,20.48762359616769,17.232995439217607,21.5256312395527
21.160018439999998,24.908638525860443,21.911920155441376,23.428162014486357,18.844140523991676,25.62907280258888
31.84000168,27.307376547316267,23.72913387392297,25.53281284502817,20.15074986534209,28.17480923811209
14.796154959999999,19.940404139673863,18.71941066753176,19.469620026619072,16.664724854265444,20.033830955082276
25.17966352,22.339142161129686,20.271861097508427,21.392243359858938,17.678450805227975,22.730147788233705
17.54026944,16.7979507341502,16.93454994458967,17.142447133721934,15.549990108234896,16.300983451919794
14.2032056,19.21596917919769,18.378288282235097,18.96732857387861,16.53926503132337,19.161311013139656
21.6495464,21.614707200653513,19.902448527059356,20.865576828983833,17.537327760035883,21.88543333939292
29.39236188,28.696695644951667,25.180431653805783,26.998023769964473,21.339142919803056,29.49328910060486
13.52062436,20.44660014461891,19.063788966447834,19.954424115950836,16.460123326666498,20.49954514407392
16.26473884,22.688490800931778,20.313008186198157,21.586853234534505,17.36786678146446,23.164903193731934
31.44700036,25.0872288223876,21.99761988967872,23.608920387312935,18.47177595971861,25.77175535868495
37.231704,32.169217266685756,27.831227068637244,30.106927883328748,22.73882070525263,33.122853815362745
18.12632404,25.705773401789887,22.298233974106008,24.008195265340674,18.86869135517025,26.546902784684484
32.72253096,28.10451142324571,24.147485723300395,26.138183420216823,20.178825862499746,29.071601701422562
39.48629052,35.186499867543866,30.55122152634236,32.9548148271878,25.38205995860487,36.23442587684471
41.05140104,45.466805673783114,42.985353932371794,44.253799576937055,40.566335217180445,46.049085644950246
42.126983599999996,66.02741728626162,85.09506265343612,71.83921846552892,NaN,64.29744300308847
18.12632404,18.127664418079572,17.827300256008787,18.25029040437005,15.942740116211299,17.76745469490091
26.74477404,37.089117349587525,33.465845469857626,35.4460799177273,28.14951270098334,37.81106543744105
61.921839559999995,64.516448647279,80.7198661325256,69.27488445144047,NaN,63.17285652998799
47.22221124,49.58823451760638,50.01020568990331,49.33607691791008,66.98611753157361,49.8751132090287
51.04190828,59.868540323845636,70.3640078665154,62.97515948438743,5508.341952858631,59.02361361298477
55.15808,70.14884613008488,99.00166445503397,78.27672518056255,NaN,67.82903701199602
41.63745564,48.50005918982051,46.52436118085069,47.27633187207831,52.79750502919129,49.16848355858036
13.71367764,15.849222719562468,16.383700261369345,16.43180555464136,15.216089493916298,15.17169286888133
19.691434559999998,18.247960741018293,17.742444025642207,18.201760001626784,16.05678731384443,18.044138710789667
31.6469484,27.145104894949398,23.625180472290147,25.405629732086506,20.05815899948332,27.990919840135355
19.10537996,27.62277862561947,24.09980535518494,25.920350003414956,20.211480527727794,28.425786500334684
39.58281716,30.478419127352595,26.49755102336452,28.563252731243715,22.035914417972034,31.377397758235166
48.79421652,37.56040757165075,33.52450687813162,35.67119680499915,28.391772486089604,38.42165246000496
24.00065956,29.360423617898217,25.281209110126873,27.322458650448723,21.347035553034203,30.36604230986894
37.42475728,31.75916163935404,27.377846907673604,29.59169215483366,23.039370802341267,32.81153317271292
11.46598588,15.69892481522715,16.317363478736976,16.334314857913423,15.182568079188185,14.978252160370614
19.691434559999998,18.247960741018293,17.742444025642207,18.201760001626784,16.05678731384443,18.044138710789667
14.98920824,20.53262036840948,18.895177061313944,19.853296964005875,16.374162487630645,20.74140879154334
27.923778,22.931358389865302,20.46220426501757,21.794328161735994,17.35180950448147,23.4161697225849
34.6806428,30.013346834163457,25.888630500963664,28.05308664760917,21.06509976749279,30.917721419259433
37.32823064,40.29365264040271,36.425121134642545,38.54225586673259,30.557713282113664,41.067803934118274
38.11423328,60.854264252881215,72.10823412057879,64.50804369407277,309.4907044627389,59.73755080403373
33.79811352,44.29851389500847,41.24199277633636,42.64214504077403,42.311761038558885,45.1450022195919
42.42345828,44.75541637528577,41.87264490629394,43.17300014649813,43.51861601561539,45.57050955083545
48.401215199999996,45.55499571577105,42.999579719731805,44.109898507502145,45.804976457634886,46.31277107387666
55.94408264,47.154154396741596,45.34525452758859,46.013866219641706,51.18303675726635,47.78847650006179
58.78472376,54.23614284103975,57.3704828782229,54.92928005197367,106.62422889373185,54.19438366405122
67.11359384,74.79675445351825,113.5722842403706,85.2829719806051,NaN,71.84188381459971
20.77391188,20.18074377220118,19.07697797345552,19.822755466715087,16.78351421736962,20.166421680697905
25.17966352,21.77990245317173,20.117648299399175,21.105746766994212,17.455567693587508,21.970495819378836
29.58541516,39.14219670370913,35.81177114444766,37.62473538430823,30.880975912845898,39.81660697958943
21.7529678,19.726823099050122,18.79979927518942,19.482157212725667,16.54793279935099,19.626239631289724
39.0932892,33.32895690125193,28.790485401297772,31.092138632099225,24.262389886419815,34.40826244115423
24.39366088,37.22626021885286,32.7484216919825,35.06147757961343,27.882249073551606,38.24847742788043
50.511011759999995,52.43366940907094,49.038094929483215,50.87508267782251,44.05662963169029,53.13513490594468
74.98740975999999,54.832407430526764,53.104954346727396,53.95508951592977,51.928870185760125,55.27175589829777
37.16965116,31.909168414480703,29.228279798131275,30.67007914003955,25.60485542635334,32.46172701240655
33.75674496,40.84979879929464,38.16279216999718,39.56935731468886,34.41224615166716,41.46145081673574
16.49916068,23.029941586086778,22.566683668610114,23.0634415508687,20.276597387789547,22.760731873579616
19.98790924,21.882369393263374,20.64179354990233,21.51360140893286,17.686411296348233,21.839103588665708
36.34917472,39.96097603175646,36.94886447794936,38.48637784110538,33.7414851956763,40.673985051087755
33.68779736,52.52503254500443,55.08780510812322,53.10638642814226,84.31968096063547,52.497843531228796
15.41668336,28.171797386682154,25.751355572669098,27.052197089856502,22.811583326247604,28.650061675164785
33.41890172,31.256795372017635,27.261833757476886,29.380972988435666,22.159833802522353,32.12054223609628
39.05192064,31.289782338286216,27.322622402076984,29.34059321667118,23.30041302850453,32.22550280799596
27.67556664,34.5071986044451,30.929541548797598,32.79846338085878,26.612423411418295,35.3092349221466
26.8550902,26.7176304914108,23.12516198899158,25.002934089487717,18.832523630960946,27.525283517845928
45.2985732,42.35873887576184,36.68396713480929,39.751546320602245,28.84820908253634,43.5232101921769
30.12320644,30.311690007108965,28.05567446991985,29.24977179496513,25.55292241151953,30.779811605203772
15.568368079999999,26.11930711124292,24.637812796719437,25.498570864906075,22.533485446285937,26.311963522482436
44.6090972,34.606779789865996,30.652559314576106,32.762666295852306,25.298626233790007,35.45469392238014
53.52402188,39.93346293952825,37.659373125650674,38.81410382980499,35.184148202216086,40.483870217895
57.21271848,39.69921854640551,34.3418007990591,37.23628199590671,26.8145728716518,40.80947926899057
65.90701084,46.73710353764067,42.9266803279415,45.032272373151635,35.77355225023212,47.50429073011776
52.82075636,43.62921746295962,40.16165361895386,42.02433263462034,34.74380913316726,44.371674893332795
33.398217439999996,31.74701668569716,27.90355851031536,29.96743937929889,22.75048210929307,32.55085547566155
18.0297974,22.262091620706776,21.939167562669695,22.31581860763867,20.46657252297167,22.00049864613743
37.36270444,32.594534107382394,27.353264863336058,30.048022315553247,21.575262165626906,33.81366968256749
32.83974188,33.50694259813331,30.91100340891448,32.34606306599061,26.670780658610916,34.01360950835585
42.63719584,31.203601499698422,28.057430172321155,29.73446881614619,24.083819235503466,31.86496316528295
40.0585556,29.76648460070942,28.0067627178475,29.008932159802345,25.353084616660272,30.047651071231176
41.940825079999996,39.93206013325268,36.90890574323367,38.47066197450292,33.38284096445544,40.631837854619135
61.232363559999996,44.612187056459746,39.509589057770974,42.3081413743382,31.532326837896587,45.632599925240825
40.865242519999995,39.4784343565347,37.600986227314195,38.53426814815505,36.27997811843516,39.94286245658584
33.301690799999996,36.51739027865979,33.09744097395677,34.94331821203743,27.90489288250981,37.24068781166978
52.42086028,39.884952768388324,34.98640270442078,37.58013161207412,28.709589419604374,40.94686473607584
15.08573488,26.201264665477247,24.878999368940015,25.725049001041643,22.26485615874371,26.27749900589845
38.45897128,37.39978417725465,34.00420642250344,35.74609444239421,30.59075103342945,38.18511790854581
37.25928304,36.99241581421296,34.20848384588225,35.64411703160622,31.32995480344403,37.62918568093585
35.225328839999996,20.105231326990577,20.91643092232294,20.932648552171887,19.03161566583318,19.23272730268027
42.13387836,35.60976211067236,29.81087536267729,32.85634386581607,22.989984677710442,36.88410230310362
31.874475479999997,27.63695034360839,26.02827434476904,26.97609579951145,23.435748773993645,27.84364800777984
41.540929,34.244997017787774,30.407220307316862,32.47410962325433,25.028708326363105,35.04810400468262
39.45181672,36.18013806548744,30.347288690270734,33.37069216304949,23.792713952989068,37.502469268166706
37.91428524,35.34927491840338,29.18582743903592,32.46014791206997,21.59169426573283,36.671940487465086
44.27814872,39.7838915578298,35.97763892368436,37.999741880104715,30.770209294126204,40.610939392990886
31.17810472,33.389553975245136,30.542704060848852,32.07453011008483,26.725035083465386,33.97514669670857
23.69039536,26.443153365599873,23.9229137185629,25.343670397676743,20.088708635218907,26.87850004267991
32.763899519999995,28.99672514391729,24.162671548593067,26.617947699667486,19.10854283745482,30.155480863327583
32.39847724,31.864721487860038,28.513753189663586,30.31599733545408,23.950169758472846,32.56097566251685
28.62704352,18.229205280478418,19.478684715195755,19.340440599176624,17.85292654197963,17.09705112699015
36.80422888,34.9900471040996,32.2385856204877,33.61239118573832,30.1921646911185,35.65795593622827
18.28490352,24.139267410561736,21.385396696400438,22.842162362541888,18.016846954399927,24.72772245734112
33.0603742,24.40560736478503,20.81596399365533,22.735040322436724,16.34588140028251,25.161306840177772
31.419421319999998,25.329513179433373,24.29228795367699,25.03082588859876,21.69501664835148,25.282300032128838
31.026419999999998,22.32103080960505,19.722384724279284,21.1447526045843,16.23022589009525,22.81880968252368
44.38846488,40.39710669281525,34.610219133402616,37.740832436824775,26.63498450266798,41.58510879414388
12.17614616,17.09420457137123,18.024130659495885,17.96619337894252,16.74808048388074,16.155323941586943
25.55887532,30.882257386815123,27.663835103735135,29.349470996828707,23.79655499880959,31.596792865989254
36.4388066,23.34149980319808,21.918488372090238,22.845409797656114,18.949494026306468,23.403765651700006
32.956952799999996,32.9865088115349,26.71355893521481,29.99211341445825,19.63607777749909,34.3824925845123
23.83518532,28.069966505336176,26.642768276882492,27.49591959285093,24.287272749065007,28.235023017017888
26.22766704,31.16903411743126,27.248451399282494,29.345362825425532,22.077605406460105,31.999625241753336
17.95395504,25.509345868935103,23.29894140699964,24.495880286525896,20.584202566233188,25.92720285879094
40.679083999999996,34.913479332374536,32.5966503850016,33.835752467076155,29.600982962451432,35.39692691937133
19.00885332,23.5891713950087,20.39246023167206,22.04141379873406,16.816653037955447,24.32745808981409
33.7153764,33.56402171874097,30.044741362408587,31.91815921218765,25.381438801150374,34.32014989021542
8.53571288,16.802781962378265,19.53916633483076,18.772277166581905,19.167693746887537,14.985753050558051
13.45857152,26.97198437179401,25.82589346130147,26.467895381761995,24.808552006539248,27.13148763448458
32.23989776,26.082883092622303,24.277025641843327,25.317292211586846,21.57589214418569,26.342949796777095
23.51802636,25.660835936830935,23.05490978730496,24.483456635112045,19.488399465993233,26.15489885303253
29.72331036,31.3029971166181,28.868939643177747,30.176795273173564,25.599851625886814,31.8057541804869
49.77327244,37.986889685510555,33.68334384487488,35.93849651604117,28.46471781322478,38.943037155075324
52.44154456,42.23150612273934,37.04277463766738,39.838509092007726,29.776827313553355,43.31048304134333
40.93419012,36.791920415040146,30.895753141044395,33.97608607861785,24.153731788891246,38.099622467317914
44.86420332,28.04420079463063,24.047551225202767,26.08152087455274,19.895000478951722,28.991056670524404
13.19657064,19.198399916957662,19.4548830997948,19.647822609767935,17.901486224814825,18.606628381354273
37.431652039999996,32.82907960190005,27.569531569838407,30.250942127146523,21.997864353081848,34.07347258842822
29.86810032,31.003304628538437,27.67037608954705,29.507973009793623,22.631037653453852,31.653503268029148
56.61287436,41.14126982538793,35.95227320749545,38.799311748293945,27.94148646338319,42.181180920586385
12.45883132,17.711081545331687,19.206254099071426,18.88441431352497,18.521853353222934,16.576065486571284
23.786922,24.520548119605163,20.989711059492745,22.850955175948332,16.772182482161075,25.290586398664704
13.29309728,20.208712446710546,20.37304291560991,20.598772978305444,18.771375490125685,19.67129892607374
39.417342919999996,38.75575838244326,34.91702164008372,36.933828969191694,30.084700487436383,39.607540442872704
46.2293658,47.63952557964118,46.917172098529235,47.09806379362183,49.77401213664754,47.990683007056276
44.51946532,50.42000532087706,45.385574477124095,48.177015913955884,37.367051623055666,51.38758923024092
23.73865868,23.250576395069665,20.100936239121143,21.740285161834375,16.46286610623787,23.96353739676437
26.14492992,28.576563869441806,25.27978182689115,27.037116195708997,21.061591188694063,29.274202645808785
15.520104759999999,23.868666481431816,22.80836495837286,23.56827173323075,20.205945877091903,23.805532059102354
43.5748832,37.175355783287536,34.038536862656464,35.65940189327344,30.47267769659616,37.8981820310063
35.85964676,37.25440945947598,33.64459251037247,35.48620930018607,30.183854878918194,38.09664126549619
41.05140104,40.11032996219911,35.1378278706804,37.74549133001852,29.177718075383563,41.207985168395396
28.98557104,33.69794568553201,30.84280168620605,32.388623032010926,26.61638972557536,34.28841420966363
46.24315532,32.98133787560828,28.13981328640181,30.671023753357233,22.4033409453825,34.06407907033159
26.91714304,25.53455298989249,21.330618175706647,23.44696454215697,17.031877194413674,26.572637000880352
10.53519328,17.481647287007124,18.92652774922992,18.717276728720588,17.47294823541968,16.229975684147664
25.0969264,27.696961112293174,23.764748189320493,25.75494136307597,19.777248308805838,28.638891675018815
29.06830816,33.3249323284801,29.45335121189671,31.501696522057532,24.47388434661454,34.1702427873933
9.735401119999999,18.092362254375114,18.85088828595648,18.892409253003912,17.2089781396245,17.197000181083414
33.79811352,32.63554027847806,28.901369941967545,30.871896035831547,24.224071874559368,33.45233348138457
39.84481804,34.18423916688542,32.61336687849622,33.49718420394634,29.743116179574425,34.47319698715522
26.96540636,28.18518201706948,25.0285453998381,26.775649823355092,20.36299358663181,28.78584578734496
27.234302,30.825980314889534,28.428577488055858,29.724865450584034,25.14067709657298,31.310785488313677
30.647208199999998,37.122222687482136,34.900972073708374,36.10176254078838,31.210522351353426,37.594145678664184
33.05347944,35.94356505003832,33.226149986454104,34.71521353717829,28.669470952851828,36.49774808407703
24.579819399999998,33.71489693728692,32.10518259428143,32.95209778793334,30.31635889642459,34.06153676698629
21.91154728,26.726721456126846,25.915251428522428,26.479789096417278,24.076178495185935,26.70479466190154
30.881630039999997,35.5411846352067,33.15881959285142,34.455526816478205,29.29183540211336,36.03408249502085
15.340841,23.980264958267206,23.442973239326456,23.89410224058642,21.942683075451086,23.833047225821616
24.3385028,28.157300668193876,27.64102454792892,28.090810742611634,25.494386161048144,28.033587250608296
23.8903434,39.84607058899286,38.38251416425043,39.07058466658668,37.69745851322077,40.255549839888054
22.93197176,26.64385078060929,26.37547286785275,26.688327014883868,25.024382101313712,26.448389684314762
29.41304616,30.24281223118616,29.331497993563694,29.92895418059708,27.101975168139216,30.29361242237836
28.629801423999997,18.25133267549354,19.494122644984778,19.358219145323172,17.865803241980686,17.123081611356472
36.804918356,34.94298437337876,32.203850901815954,33.5715789247807,30.1666457766412,35.60776213016541
18.287661424,24.141994318888575,21.391978517685338,22.84690866113134,18.02587753679458,24.729369054384975
32.720462532,24.48264739780166,20.876888019078653,22.80390971441413,16.388626640357305,25.24267745578917
31.420110796000003,25.10933544045738,24.11887916566818,24.839488167527207,21.53681539334932,25.04158417925373
28.937997196,22.441195260671137,19.790991119126847,21.235841722578336,16.26729944209947,22.956803769513698
40.925226931999994,40.361499353875786,34.581887350166895,37.707891413985905,26.62079146914525,41.548762826351044
12.180972492,16.94629285954442,17.94452622237661,17.861283582325022,16.69638812136443,15.971322615003789
25.559564796,30.811237605088326,27.613549293986352,29.28925112240042,23.762826133978567,31.52005029540344
36.443632932,23.39361249099826,21.966050988260676,22.894168432876974,18.99777497796772,23.45861934549317
32.96384756,32.95053386911244,26.675523752538403,29.9547599390942,19.60182899324845,34.347441392008236
23.835874796,28.0700453502663,26.633128327111024,27.491142757476553,24.267560254303756,28.237642452312258
26.233182848000002,31.109469727485845,27.205968167985063,29.29423064740196,22.05246074221833,31.935892067961763
17.959470848000002,25.498595474528067,23.2901335535341,24.486224457005978,20.576623183316094,25.915737551822907
38.630650804,34.91832050922762,32.591343348837235,33.83606210270239,29.57549290978275,35.40391163213371
19.009542795999998,23.50567368945857,20.34155288428915,21.975784168800324,16.78749610748335,24.233692698669365
33.71882378,33.444338969681134,29.947237590586038,31.80942644823182,25.31059634224812,34.19490044775096
8.536402356,16.879566626876798,19.582254059318227,18.82718220646662,19.198419820822036,15.083395841867853
13.461329424,26.90026140550395,25.7590715573619,26.40040904163441,24.725006567563955,27.05635918079539
32.245413568000004,25.938046298071825,24.15167931045602,25.184689571453333,21.45295514119737,26.189618520039012
23.524231644,25.65027100769668,23.044070026210132,24.472381606979734,19.481229618410932,26.144749878163065
29.726068263999995,31.496806541626245,29.03552724293546,30.354391673472925,25.761149064849313,32.00957042182242
49.77327244,38.13751893159669,33.85173058137061,36.097066274808334,28.662956989216074,39.09004070126659
52.446370892,42.11431351154718,36.88929074952503,39.70479328476846,29.586953002158722,43.200417131626665
40.934879596,36.78505722234065,30.89829772358405,33.97313527111072,24.170527211222872,38.09126564402611
44.868340176000004,28.22776106210746,24.191446004095486,26.244845556211516,20.00639457417447,29.184666762922273
13.202086448,19.197331772454724,19.451828514904403,19.645332876748295,17.899973635146722,18.606649427093455
37.431652039999996,32.810679202589505,27.550398546407543,30.23188560285062,21.981368806662722,34.05555714935953
29.870858223999996,31.16627325765952,27.805616411214697,29.656052078358787,22.740924722248796,31.824820762162783
56.619079643999996,41.089983119803044,35.895543146869876,38.74483380310148,27.893524738939803,42.131459961827034
12.459520796,17.654680937771662,19.176838137387605,18.84480409396881,18.50522777960549,16.505517496425053
23.786922,24.519668991212733,20.99412269292059,22.853025106588404,16.778574920533828,25.28802890509676
13.293786756,20.11431891926426,20.314030072145094,20.526103603992937,18.728069173221677,19.560228925055842
39.421479776,38.970659433850784,35.16824226252661,37.16444358581932,30.396639891984506,39.81588594063083
46.234192132,47.70913207056828,47.01423290901357,47.17793704322344,49.97874526038506,48.05664346312932
44.523602176000004,50.30644803445987,45.23555424249763,48.04656717395118,37.18322969961354,51.281349505209114
23.744174488,23.296769558970983,20.136875844531005,21.780889988992346,16.492217537166095,24.012698012350135
26.147687824,28.74672471923024,25.42163963801827,27.191704220854366,21.182707542685144,29.453285023738577
15.526310044,23.833563471711116,22.788416671286313,23.54190289048447,20.19416445358104,23.764673575449248
43.57833058,37.215658804774,34.07632281129577,35.698008519124016,30.516996568832617,37.93946116595009
35.86585204399999,37.315947335579004,33.70243025935245,35.54597744881942,30.239354331354832,38.15904254628143
41.053469468,40.06326723147827,35.09996943048107,37.70224184674745,29.153884528747863,41.159575596570406
28.991086848000002,33.80001429626763,30.948852087683836,32.491598819636565,26.734099616464285,34.39070096108926
46.247292176,32.82368848357685,27.991969884396717,30.51745797747605,22.27544678454722,33.90498803541205
26.922658848,25.559135699436197,21.349360650116438,23.46850520058115,17.045545092668096,26.598761038218008
10.535882756,17.501672726758233,18.932854837602186,18.72906137034414,17.471446616534536,16.256752862192368
25.10382116,27.6446175814068,23.727015961050363,25.710252984997755,19.75016145507359,28.582556643170697
29.073134491999998,33.49096256255339,29.603940859314573,31.659723732773912,24.610555224806994,34.34032440223128
9.738159024,18.032355610095824,18.820180301964726,18.850359094894657,17.193120099340835,17.12247517540398
33.798802996,32.86221537537611,29.107008642479197,31.087246110580665,24.41495470990775,33.685062642851605
37.171030112,31.917050506625586,29.2294504519788,30.67466586467737,25.599467973832652,32.47122034251869
33.762260768,40.850764825155494,38.15086953300268,39.56510587174836,34.36859141034715,41.46452738340285
16.503987012,23.044809353417392,22.582216516004962,23.078259774243634,20.29483905935749,22.77601249843953
19.98790924,21.774290420279264,20.570210663789695,21.426897684366462,17.636998734361452,21.71626856940729
36.349864196,40.07531403407031,37.075084684742464,38.60492232525065,33.91181465008159,40.7868430236618
38.215586251999994,52.57122933404889,55.16809613761717,53.16411291842593,84.80056344405378,52.54014173482344
15.42357812,28.030569293181436,25.639651681476884,26.927770867170974,22.712230058593157,28.498678147774505
33.419591196,31.350875205612432,27.33318449081201,29.463283395613594,22.212563985228336,32.22068325665676
39.056057496,31.220120069880345,27.258188044686204,29.273732164578288,23.23560079830939,32.154556288129406
27.681082448,34.43323270548814,30.862855831953077,32.72809743368955,26.554610802369602,35.23344146030325
26.859916531999996,26.720146815485364,23.133978085056388,25.008693465421562,18.847185785003585,27.525944421597224
45.304778483999996,42.358408271498426,36.68195195683388,39.750255728730394,28.8478126070909,43.523337251483944
30.12320644,30.205661299314812,27.953072354903856,29.14692213053793,25.436481046184,30.671201715183603
15.569747031999999,26.05001558977807,24.569714535326987,25.431299479006018,22.452742603401205,26.24058582429532
44.61185510399999,34.571793961394505,30.60514285592673,32.72201227165104,25.23935249000019,35.42209300328453
53.524711356,39.889650068970944,37.608306927712775,38.76741103165711,35.11308158332456,40.44115665673033
57.21823428799999,39.56449984313997,34.19824572522612,37.096605656445774,26.67573179738182,40.677518897682276
65.909079268,46.57913299846881,42.71310251792334,44.85055485449898,35.48459195769331,47.355965179894355
52.826961643999994,43.71506480252247,40.300278096336605,42.13151570177191,34.99071794147338,44.44930657092058
33.399596392,31.868545241389878,28.00241346817687,30.07713664603003,22.82887457301379,32.6786469369204
18.033934256,22.225661439573777,21.908303970249552,22.283313253782868,20.43341698159079,21.960889390389053
37.363393916,32.46020183876999,27.238492727927927,29.92250708606418,21.48519007835728,33.6759004529
35.314271244,33.6117679921982,31.02972594501181,32.45607830827203,26.814136499743412,34.11695285061597
42.6440906,31.188560448947936,28.051618472729913,29.72397132225237,24.087254241403954,31.84765819370337
40.062002979999995,29.739284030239876,27.981815578050046,28.98390508072582,25.31999760278684,30.018694903477638
43.798273423999994,40.03073095545093,37.01985404473395,38.57356173681058,33.53876166813439,40.72913806116949
61.23581094,44.5695310862153,39.45298172683177,42.259479861907266,31.45684452619783,45.59241613627307
40.8686899,39.40146308276925,37.50727478717487,38.45088268174366,36.134708252657575,39.868140943576854
33.306517131999996,36.60718080758484,33.20435920206066,35.03989231385169,28.04490558968539,37.327873868634974
52.426376088,40.08878677678441,35.2141361259833,37.79535993830541,28.96150697087178,41.14524797108817
15.091250688,26.093090721479967,24.79232539660068,25.63011031060422,22.182948173701142,26.160216085115778
38.461039708,37.388141987868906,33.98686871081917,35.73167183162816,30.56846316364312,38.17472620692077
37.265488323999996,37.09748680927509,34.343061540040324,35.760673500660666,31.54428798848828,37.73002217245817
35.225328839999996,20.004206227991695,20.844949760010103,20.850885695680347,18.97085111247601,19.11518362775451
42.14008364399999,35.60583126042798,29.810845941439755,32.85429485957855,22.9917184804477,36.87939836105771
31.875164956000003,27.73188427795708,26.101475557103726,27.058506385284062,23.498046597878126,27.946563566061204
41.542307951999994,34.12570799342899,30.306115869880948,32.36399204003693,24.946568490446836,34.92416257414768
39.455953576,36.16363918765257,30.341127785796864,33.358592698311604,23.800652213886192,37.484288424119725
37.917043144,35.19321815198131,29.045948003957296,32.30964340895292,21.49330934311847,36.5145865235593
44.284354003999994,39.89708840679508,36.094287939814265,38.11455610844117,30.88701875385184,40.723495832671034
31.178794196000002,33.50086733487373,30.648853038845587,32.18192352573826,26.839120225062334,34.08921714863247
23.696600644,26.470992544051064,23.934631790495786,25.3625576817457,20.090990983656596,26.91162328477222
32.768036376000005,29.115647220521613,24.25369281967328,26.72343393207529,19.172042710808775,30.28032915773345
32.401235144,31.893986215286546,28.521217281411985,30.334682448618008,23.93131383070489,32.5956257211618
